youtubeId,movieId,title,trailer_present,video downloaded,Durations,FPS,Width,Height,Aspect Ratio
F8Vwm6dBQI8,3117,Ride with the Devil (1999),1,0,120,23,1280,720,1.78
9KDdbH1Gdio,3121,"Hitch-Hiker, The (1953)",1,0,79,25,640,480,1.33
RDfF3xzFGkA,3122,Santa Fe Trail (1940),1,0,131,29,640,480,1.33
bbco7efRBzE,3125,"End of the Affair, The (1999)",1,0,33,14,480,360,1.33
26ytp0Z05jw,3128,"Map of the World, A (1999)",1,0,123,23,360,208,1.73
x1X7hfx9BT0,3129,Sweet and Lowdown (1999),1,0,118,14,320,234,1.37
runwp76j-dM,3130,Bonfire of the Vanities (1990),1,0,30,29,640,480,1.33
R7dHR69d3A0,3133,Go West (1925),1,0,71,23,480,360,1.33
hctrYzVYmfM,3134,Grand Illusion (La grande illusion) (1937),1,0,253,25,600,480,1.25
pPFxoPyNywM,3138,Stealing Home (1988),1,0,188,29,1920,1080,1.78
WWbiQAr8miI,3141,"Two Jakes, The (1990)",1,0,185,23,854,362,2.36
MSrDZO3Ho5I,3142,U2: Rattle and Hum (1988),1,0,143,23,640,360,1.78
GYUuHLCCgYs,3144,"Glass Bottom Boat, The (1966)",1,0,164,29,640,272,2.35
89dGJ_hx8-k,3145,Cradle Will Rock (1999),1,0,508,25,426,180,2.37
wk_19DT6y9Y,3146,Deuce Bigalow: Male Gigolo (1999),1,0,144,30,1280,720,1.78
ctRK-4Vt7dA,3147,"Green Mile, The (1999)",1,0,139,29,1912,1080,1.77
pGdZBESUSfk,3148,"Cider House Rules, The (1999)",1,0,145,23,1280,720,1.78
rjSvRNbWJsA,3150,"War Zone, The (1999)",1,0,135,25,636,480,1.32
2LrMutOPC-o,3152,"Last Picture Show, The (1971)",1,0,178,25,854,480,1.78
xHPoKOi1XcM,3155,Anna and the King (1999),1,0,86,15,320,178,1.8
dkibUFXnzq4,3156,Bicentennial Man (1999),1,0,184,29,1280,720,1.78
zPJ6DBYcFbE,3157,Stuart Little (1999),1,0,149,25,640,480,1.33
FDXEruar-Ko,3159,Fantasia 2000 (1999),1,0,130,23,1920,1080,1.78
KnamcFv_N9Q,3160,Magnolia (1999),1,0,165,23,1280,720,1.78
BWFcMRYjJtA,3163,Topsy-Turvy (1999),1,0,163,23,1920,1080,1.78
aGT6M00yCxM,3165,Boiling Point (1993),1,0,84,25,320,240,1.33
v4WG4KRvEvs,3166,Brenda Starr (1989),1,0,88,23,720,480,1.5
GwST6mpT7Ds,3168,Easy Rider (1969),1,0,166,14,320,240,1.33
U9J-JxIGxgc,3169,"Falcon and the Snowman, The (1985)",1,0,31,29,640,480,1.33
iT_tV-b7SqU,3171,Room at the Top (1959),1,0,142,12,240,180,1.33
cC2rkQThgX0,3173,Any Given Sunday (1999),1,0,30,29,640,480,1.33
LER9pt-hFLM,3174,Man on the Moon (1999),1,0,149,25,640,480,1.33
VtHM77IRkus,3175,Galaxy Quest (1999),1,0,114,25,1920,1080,1.78
cS4XGbu3NT4,3176,"Talented Mr. Ripley, The (1999)",1,0,162,23,1920,1080,1.78
tsmszHWnO3k,3178,"Hurricane, The (1999)",1,0,151,29,320,240,1.33
Y2xFUdq-qMg,3179,Angela's Ashes (1999),1,0,117,23,592,360,1.64
ovju_D3QB5Y,3180,Play it to the Bone (1999),1,0,126,23,854,462,1.85
vXBfUrUz_rU,3182,"Mr. Death: The Rise and Fall of Fred A. Leuchter, Jr. (1999)",1,0,30,29,640,480,1.33
khDVs664t80,3183,"Third Miracle, The (1999)",1,0,144,15,320,240,1.33
SY6mC4I4SWk,3185,Snow Falling on Cedars (1999),1,0,145,23,426,240,1.77
U4-GD1VqdOA,3186,"Girl, Interrupted (1999)",1,0,154,29,320,240,1.33
wjZ7ZI8Fwt8,3189,My Dog Skip (1999),1,0,31,29,640,480,1.33
ZUdy0Cu3f_o,3190,Supernova (2000),1,0,133,23,640,272,2.35
N7Fm8bZD1o0,3192,"Terrorist, The (a.k.a. Malli) (Theeviravaathi) (1998)",1,0,250,25,480,360,1.33
hef39RzemJE,3194,"Way We Were, The (1973)",1,0,145,25,1280,720,1.78
PQh3qoGYVTg,3196,Stalag 17 (1953),1,0,123,29,320,240,1.33
NIJxOLyMvek,3197,"Presidio, The (1988)",1,0,150,25,1280,704,1.82
renmTEWSrHQ,3199,Pal Joey (1957),1,0,285,25,640,480,1.33
6ZUfuN2DNJ0,3200,"Last Detail, The (1973)",1,0,172,29,320,240,1.33
PIYMRqq7cJA,3201,Five Easy Pieces (1970),1,0,93,23,1920,1080,1.78
Yu8L1J9GvOU,3202,Even Dwarfs Started Small (Auch Zwerge haben klein angefangen) (1971),1,0,138,30,640,480,1.33
SkqZd3h3f2U,3203,Dead Calm (1989),1,0,86,24,426,240,1.77
FTiIxo3cHTk,3204,"Boys from Brazil, The (1978)",1,0,59,29,640,480,1.33
7SvYYPHyuAI,3206,Against All Odds (1984),1,0,92,29,640,480,1.33
VfB3uvtk2O8,3207,"Snows of Kilimanjaro, The (1952)",1,0,207,25,320,240,1.33
Xtz0Zw0eSkA,3208,Loaded Weapon 1 (National Lampoon's Loaded Weapon 1) (1993),1,0,139,30,1280,720,1.78
tif5ucv1eLU,3210,Fast Times at Ridgemont High (1982),1,0,29,29,640,480,1.33
NLEDeJteQak,3211,"Cry in the Dark, A (1988)",1,0,84,29,854,480,1.78
86RkglA5nMI,3213,Batman: Mask of the Phantasm (1993),1,0,62,23,854,480,1.78
QxNWzbM7BjA,3214,American Flyers (1985),1,0,87,29,720,480,1.5
akY2RcPYhos,3218,Poison (1991),1,0,141,25,640,480,1.33
PrVtU25MSqQ,3219,Pacific Heights (1990),1,0,65,29,840,480,1.75
s_yia2nqt6U,3223,"Zed & Two Noughts, A (1985)",1,0,87,23,1920,1080,1.78
WODbLjG4kzw,3224,Woman in the Dunes (Suna no onna) (1964),1,0,172,29,384,240,1.6
tdnZYsDOxfI,3225,Down to You (2000),1,0,159,23,1280,720,1.78
FZSTM3knaao,3232,Seven Chances (1925),1,0,236,25,480,360,1.33
_ZT6fziaIIw,3235,Where the Buffalo Roam (1980),1,0,198,23,474,360,1.32
5E--MQm-AdE,3238,Eye of the Beholder (1999),1,0,139,29,640,480,1.33
dxyRwPAjVXM,3239,Isn't She Great? (2000),1,0,99,15,320,240,1.33
bJO4loGZbTg,3240,"Big Tease, The (1999)",1,0,111,29,640,480,1.33
1xkTN1Z1rTQ,3243,Encino Man (1992),1,0,136,30,320,214,1.5
_2vDT46nmMA,3244,"Goodbye Girl, The (1977)",1,0,83,23,662,480,1.38
N59aFLDCgLk,3245,I Am Cuba (Soy Cuba/Ya Kuba) (1964),1,0,109,29,640,480,1.33
LbKs766Tr88,3246,Malcolm X (1992),1,0,175,25,854,480,1.78
wjtfG8r14Uk,3249,"Hand That Rocks the Cradle, The (1992)",1,0,105,15,320,240,1.33
0BuK2M5-Mu8,3251,Agnes of God (1985),1,0,88,23,720,480,1.5
3GUvsJc3vvE,3252,Scent of a Woman (1992),1,0,160,23,648,480,1.35
OIuhsHpcNAU,3253,Wayne's World (1992),1,0,123,29,840,480,1.75
Im4g7MOb-G0,3254,Wayne's World 2 (1993),1,0,132,23,854,480,1.78
WcN392H2jx0,3255,"League of Their Own, A (1992)",1,0,159,30,1280,720,1.78
86janCeyCdg,3256,Patriot Games (1992),1,0,152,25,640,480,1.33
NFXQQ2uAeHM,3258,Death Becomes Her (1992),1,0,130,23,1280,720,1.78
RbMYkzVsWAE,3259,Far and Away (1992),1,0,222,25,640,356,1.8
dNJdbu4p1Fg,3260,Howards End (1992),1,0,141,24,1920,1080,1.78
3Hpx_b3gj64,3261,Singles (1992),1,0,117,23,840,480,1.75
g4aNy-3n1GU,3263,White Men Can't Jump (1992),1,0,120,29,480,360,1.33
pnZkV_aR_9w,3264,Buffy the Vampire Slayer (1992),1,0,99,23,426,182,2.34
jAtxZHuJNW4,3265,Hard-Boiled (Lat sau san taam) (1992),1,0,192,25,854,480,1.78
bcPhaieTg4o,3266,Man Bites Dog (C'est arrivé près de chez vous) (1992),1,0,102,23,404,240,1.68
75ra46x7FA4,3267,"Mariachi, El (1992)",1,0,95,30,1280,720,1.78
oMQ-RoCKa6o,3268,Stop! Or My Mom Will Shoot (1992),1,0,147,23,474,360,1.32
Mrnd-rO456Q,3270,"Cutting Edge, The (1992)",1,0,123,29,480,360,1.33
3_8pU7mGd9g,3271,Of Mice and Men (1992),1,0,142,29,720,480,1.5
oFvGeMDW7bw,3272,Bad Lieutenant (1992),1,0,127,29,640,480,1.33
bYi-rmHfrP8,3273,Scream 3 (2000),1,0,97,24,840,480,1.75
LclFf6HrDkI,3274,Single White Female (1992),1,0,127,30,640,480,1.33
5CKb1XHh3jQ,3275,"Boondock Saints, The (2000)",1,0,114,23,1280,720,1.78
_Yr2TagiovI,3284,They Might Be Giants (1971),1,0,97,23,720,480,1.5
uTDVnwwQNTw,3285,"Beach, The (2000)",1,0,147,30,1280,544,2.35
S9V6WJniZKQ,3287,"Tigger Movie, The (2000)",1,0,34,25,640,480,1.33
SNsF9YWeoII,3289,Not One Less (Yi ge dou bu neng shao) (1999),1,0,89,24,1920,1080,1.78
QShabLiL1lA,3292,"Big Combo, The (1955)",1,0,101,29,358,240,1.49
9cQGA5VRj50,3294,Eaten Alive (1977),1,0,136,25,480,360,1.33
ucnq_hPhdDI,3296,To Sir with Love (1967),1,0,20,29,640,480,1.33
bsSj5tDgNq0,3298,Boiler Room (2000),1,0,34,29,640,480,1.33
RU3eJmbyqzA,3300,Pitch Black (2000),1,0,72,25,640,480,1.33
671bZc4jX7g,3301,"Whole Nine Yards, The (2000)",1,0,139,29,640,360,1.78
6UTZTKoZmM8,3302,Beautiful People (1999),1,0,107,25,600,480,1.25
P1zuIEjgfzI,3304,Blue Collar (1978),1,0,154,29,854,480,1.78
YEIzkT1eFgc,3306,"Circus, The (1928)",1,0,132,23,320,240,1.33
Kf6kjsSgd38,3308,"Flamingo Kid, The (1984)",1,0,127,23,360,240,1.5
txSJDmt4u6Q,3309,"Dog's Life, A (1918)",1,0,2345,29,640,480,1.33
3TIIFxoY5os,3310,"Kid, The (1921)",1,0,119,23,1920,1080,1.78
rx7q0rh6dPo,3313,Class Reunion (1982),1,0,4892,25,640,480,1.33
0856Uv4QmtI,3316,Reindeer Games (2000),1,0,117,23,1920,1080,1.78
sveK_fhIqhs,3317,Wonder Boys (2000),1,0,146,25,630,360,1.75
l2iLx4foJ0E,3318,Deterrence (1999),1,0,150,23,542,480,1.13
o6PsTbD8tZQ,3320,Mifune's Last Song (Mifunes sidste sang) (1999),1,0,94,25,640,360,1.78
WUapG9Ma3uw,3324,Drowning Mona (2000),1,0,149,29,360,240,1.5
jmec0w5G4xA,3325,"Next Best Thing, The (2000)",1,0,128,14,320,240,1.33
qNsqTgaIKQ8,3326,What Planet Are You From? (2000),1,0,137,29,640,480,1.33
YfBnF484Qc0,3327,Beyond the Mat (1999),1,0,141,30,1280,720,1.78
gpf0NFVLEn8,3328,Ghost Dog: The Way of the Samurai (1999),1,0,65,29,720,480,1.5
dWDkdsZQq_c,3330,Splendor in the Grass (1961),1,0,239,23,640,356,1.8
S1Q3GYSCe_k,3331,My Tutor (1983),1,0,119,29,640,480,1.33
U95Zk5nBQIM,3334,Key Largo (1948),1,0,143,23,478,360,1.33
otvtMfEI_9w,3338,For All Mankind (1989),1,0,651,25,320,240,1.33
DZOeXQjDbAM,3339,Cross of Iron (1977),1,0,243,29,320,240,1.33
B_ABk1pUXPY,3340,Bride of the Monster (1955),1,0,193,25,960,720,1.33
hfGwJGrLz2w,3342,Birdy (1984),1,0,152,25,310,240,1.29
0fC_-Q61uGQ,3343,And God Created Woman (1988),1,0,128,29,720,480,1.5
Izb0ScZSBpk,3347,Never Cry Wolf (1983),1,0,503,24,720,480,1.5
0JUUWLLN03s,3350,"Raisin in the Sun, A (1961)",1,0,165,30,320,240,1.33
xwcI3fkKeiw,3354,Mission to Mars (2000),1,0,135,23,640,344,1.86
V1ueyfoNTdU,3355,"Ninth Gate, The (1999)",1,0,97,29,1280,720,1.78
wSa5ZCYIcGA,3357,East-West (Est-ouest) (1999),1,0,94,25,656,480,1.37
xB1M9iv3LOE,3360,Hoosiers (a.k.a. Best Shot) (1986),1,0,159,29,640,480,1.33
CF1rtd8_pxA,3362,Dog Day Afternoon (1975),1,0,159,23,640,356,1.8
HBI0p5OGlDw,3363,American Graffiti (1973),1,0,167,29,1280,640,2.0
88Fb2J5C30Y,3364,"Asphalt Jungle, The (1950)",1,0,178,23,1920,1080,1.78
XYOp3l9wL1k,3365,"Searchers, The (1956)",1,0,168,29,640,360,1.78
JQ3JYb_PpJA,3368,"Big Country, The (1958)",1,0,172,12,320,240,1.33
9PzVS1FJmd0,3370,Betrayed (1988),1,0,102,29,480,360,1.33
gNled6wh18c,3371,Bound for Glory (1976),1,0,192,24,640,480,1.33
Awm50kJQeeI,3379,On the Beach (1959),1,0,282,24,318,240,1.32
qLkTTgd7620,3380,Railroaded! (1947),1,0,243,25,640,480,1.33
w16bYZ-4nmE,3386,JFK (1991),1,0,144,29,1280,720,1.78
UM6-VeQ_KPk,3387,Who's Harry Crumb? (1989),1,0,132,15,480,360,1.33
5DOX1Poxro4,3388,Harry and the Hendersons (1987),1,0,104,23,474,360,1.32
yhX89dDoAw4,3390,Shanghai Surprise (1986),1,0,91,30,320,240,1.33
Nm4c5L9sWD8,3392,She-Devil (1989),1,0,108,23,640,354,1.81
OAQXV8_Oi7w,3393,Date with an Angel (1987),1,0,77,23,360,240,1.5
dvB_Ck2zFzs,3394,Blind Date (1987),1,0,97,25,640,356,1.8
4o-AGzZaWtI,3395,Nadine (1987),1,0,105,29,640,480,1.33
hHUO6_2gLeA,3396,"Muppet Movie, The (1979)",1,0,100,29,640,480,1.33
aEQw79tKm6I,3397,"Great Muppet Caper, The (1981)",1,0,56,23,640,480,1.33
03UYqH9YTpY,3398,"Muppets Take Manhattan, The (1984)",1,0,43,24,316,236,1.34
VIhGZxzf3uE,3399,Sesame Street Presents Follow That Bird (1985),1,0,86,29,1280,720,1.78
SNJLtyV3IGM,3400,We're Back! A Dinosaur's Story (1993),1,0,147,23,640,480,1.33
Wy58kS1Deb4,3401,Baby... Secret of the Lost Legend (1985),1,0,135,23,640,480,1.33
3iyHEmeGbc4,3402,Turtle Diary (1985),1,0,5783,30,640,480,1.33
dQ7MAigAhas,3404,Titanic (1953),1,0,147,25,320,240,1.33
s2l0p-fg4lU,3406,Captain Horatio Hornblower R.N. (1951),1,0,160,29,854,480,1.78
keZXGaDvK2s,3408,Erin Brockovich (2000),1,0,158,25,640,360,1.78
pna8QJDfJUE,3409,Final Destination (2000),1,0,122,25,1280,720,1.78
uXYfRkuA3cM,3415,"Mirror, The (Zerkalo) (1975)",1,0,136,25,640,480,1.33
HIfTeDVHvfQ,3417,"Crimson Pirate, The (1952)",1,0,167,29,640,480,1.33
PRr0HY9MPZ0,3418,Thelma & Louise (1991),1,0,115,25,854,480,1.78
KWjtI6n5xWM,3421,Animal House (1978),1,0,163,23,426,238,1.79
uLT3Qu76-bw,3423,School Daze (1988),1,0,81,25,1920,1080,1.78
rAQSa0963T8,3424,Do the Right Thing (1989),1,0,233,29,320,240,1.33
io8Jw9BRRFY,3425,Mo' Better Blues (1990),1,0,159,23,628,480,1.31
kZ64smS4Lyk,3426,Jungle Fever (1991),1,0,160,25,640,348,1.84
erIn_2cVWp4,3427,Coogan's Bluff (1968),1,0,119,23,474,360,1.32
qSTaxV3v5vY,3428,"Champ, The (1979)",1,0,112,23,720,480,1.5
hyZgZ9cN4kQ,3430,Death Wish (1974),1,0,141,23,854,480,1.78
h-8mxZus4x8,3431,Death Wish 2 (1982),1,0,29,29,640,480,1.33
jeJ7FDxFUxc,3432,Death Wish 3 (1985),1,0,104,23,640,480,1.33
IoMq2mIP704,3434,Death Wish 5: The Face of Death (1994),1,0,56,29,640,480,1.33
yKrrAa2o9Eg,3435,Double Indemnity (1944),1,0,135,23,474,360,1.32
IX_Ufs0oX5E,3437,Cool as Ice (1991),1,0,116,23,1280,720,1.78
CjwFVkAYZts,3438,Teenage Mutant Ninja Turtles (1990),1,0,15,29,640,480,1.33
al9jfY7zOBY,3439,Teenage Mutant Ninja Turtles II: The Secret of the Ooze (1991),1,0,125,29,1280,720,1.78
w2dNvVdz3js,3440,Teenage Mutant Ninja Turtles III (1993),1,0,109,24,1280,720,1.78
1_I4WgBfETc,3441,Red Dawn (1984),1,0,147,23,720,480,1.5
UeshhQehpwo,3442,Band of the Hand (1986),1,0,30,29,640,480,1.33
inI1kPY7irA,3444,Bloodsport (1988),1,0,113,24,1280,720,1.78
hEQCHkg8U3I,3445,Eyes of Laura Mars (1978),1,0,183,23,1920,1080,1.78
EE1wCo3N6As,3446,Funny Bones (1995),1,0,153,30,640,360,1.78
3mJoHqmtFcQ,3448,"Good Morning, Vietnam (1987)",1,0,142,14,480,360,1.33
2A-SOVQvPyg,3450,Grumpy Old Men (1993),1,0,137,23,1280,720,1.78
rpy4lGGlDOA,3452,Romeo Must Die (2000),1,0,29,29,640,480,1.33
4t8WI3bW8NA,3453,Here on Earth (2000),1,0,143,29,640,480,1.33
3_RvGYkUhEk,3456,"Color of Paradise, The (Rang-e khoda) (1999)",1,0,61,29,654,480,1.36
w82ymNsitw8,3457,Waking the Dead (2000),1,0,140,29,854,470,1.82
8w0ILjgHfhw,3461,Lord of the Flies (1963),1,0,90,23,1920,1080,1.78
2B3HGY_zLKk,3462,Modern Times (1936),1,0,109,23,320,240,1.33
h_Oo1p-F8x4,3463,Last Resort (National Lampoon's Last Resort) (1994),1,0,142,20,320,240,1.33
ffVP8MM9v_4,3465,That's Life! (1986),1,0,130,23,720,480,1.5
oJ7pNUKwaDs,3466,Heart and Souls (1993),1,0,88,14,480,360,1.33
GbOO4_xgzsc,3467,Hud (1963),1,0,192,23,640,354,1.81
n7aFFqz2bXU,3468,"Hustler, The (1961)",1,0,200,23,854,364,2.35
fdHbgFnJ06Q,3469,Inherit the Wind (1960),1,0,185,29,320,240,1.33
zF5b11vIcZ0,3470,Dersu Uzala (1975),1,0,596,29,720,480,1.5
Fxp32VHaYdE,3471,Close Encounters of the Third Kind (1977),1,0,280,23,640,288,2.22
dezQPotEYHU,3474,Retroactive (1997),1,0,130,29,640,480,1.33
sk7a9EyMGiY,3475,"Place in the Sun, A (1951)",1,0,163,23,640,480,1.33
BZE9bHKmkVM,3476,Jacob's Ladder (1990),1,0,111,30,1280,720,1.78
uvIsvZlk4GE,3477,Empire Records (1995),1,0,144,29,720,480,1.5
wnrqC8-YCDE,3478,"Bamba, La (1987)",1,0,100,24,1920,1080,1.78
b0BTs66JAgM,3479,Ladyhawke (1985),1,0,85,25,640,480,1.33
yUTsDJ3dxEQ,3481,High Fidelity (2000),1,0,87,23,1280,716,1.79
JcOfJwN0bdY,3483,"Road to El Dorado, The (2000)",1,0,133,23,578,360,1.61
B03lvL3pVp8,3484,"Skulls, The (2000)",1,0,140,29,720,480,1.5
pS6NbxZYU9o,3487,El Dorado (1966),1,0,177,24,854,480,1.78
y98AuG2-yU4,3489,Hook (1991),1,0,120,25,480,360,1.33
IHspAcJG1mQ,3491,My Chauffeur (1986),1,0,93,29,480,360,1.33
eruhkz7DTTY,3492,"Son of the Sheik, The (1926)",1,0,4123,29,640,480,1.33
07dhxbfDeng,3495,Roadside Prophets (1992),1,0,129,29,640,480,1.33
bQ0Mu5kniXI,3496,Madame Sousatzka (1988),1,0,94,25,640,480,1.33
qmeyr1i6IEQ,3499,Misery (1990),1,0,61,29,640,480,1.33
0FeTjAyjAW4,3500,Mr. Saturday Night (1992),1,0,137,23,854,462,1.85
HoX-xki1yHQ,3501,Murphy's Romance (1985),1,0,69,15,320,240,1.33
uFMQKA9iGK4,3502,My Life (1993),1,0,177,23,644,480,1.34
seCRhjrLNy4,3503,Solaris (Solyaris) (1972),1,0,207,30,384,240,1.6
qnGgsJ26dao,3504,Network (1976),1,0,178,23,848,480,1.77
-NaBMu3pooM,3505,No Way Out (1987),1,0,91,23,728,480,1.52
WEszqunyV0M,3506,North Dallas Forty (1979),1,0,91,23,1280,720,1.78
A58OtN9h918,3507,"Odd Couple, The (1968)",1,0,166,23,854,362,2.36
en9rfsUGDkc,3508,"Outlaw Josey Wales, The (1976)",1,0,137,23,854,362,2.36
heLsk6jv_hk,3509,Black and White (1999),1,0,135,30,320,240,1.33
i6VQxn6HK_c,3510,Frequency (2000),1,0,145,25,854,468,1.82
AfTvmbizNyQ,3511,Ready to Rumble (2000),1,0,150,30,1280,720,1.78
oFD8ZE0Muf0,3512,Return to Me (2000),1,0,99,30,1280,720,1.78
usKVcBTxkfk,3513,Rules of Engagement (2000),1,0,147,30,640,480,1.33
nDBbmP2TctE,3516,"Bell, Book and Candle (1958)",1,0,157,23,1920,1080,1.78
Z69j6OTT5Vk,3518,"End of Violence, The (1997)",1,0,109,23,546,360,1.52
Ho6FFhtTfkI,3519,Force 10 from Navarone (1978),1,0,152,29,640,480,1.33
nb0yBDSqTfs,3521,Mystery Train (1989),1,0,114,29,720,480,1.5
_3o4gqFnAP4,3522,Sacco and Vanzetti (Sacco e Vanzetti) (1971),1,0,70,25,1920,1080,1.78
D5gABBndg-w,3524,Arthur (1981),1,0,126,14,480,360,1.33
VJhzlV3X5so,3525,Bachelor Party (1984),1,0,92,15,320,240,1.33
RgrbuRNc-AQ,3526,Parenthood (1989),1,0,154,29,720,480,1.5
K9AT3tQGbIk,3527,Predator (1987),1,0,129,29,840,480,1.75
KPN9veJHw94,3531,All the Vermeers in New York (1990),1,0,271,25,640,480,1.33
5YnGhW4UEhc,3535,American Psycho (2000),1,0,124,23,640,480,1.33
wORkOt7MOHM,3536,Keeping the Faith (2000),1,0,80,30,480,360,1.33
yfoqUY0KwfQ,3538,East is East (1999),1,0,112,23,496,360,1.38
rKdPOIcIBxs,3539,"Filth and the Fury, The (2000)",1,0,124,25,600,480,1.25
5HbYGhOndJY,3540,Passion of Mind (2000),1,0,138,29,640,480,1.33
dGZZ-CLphCI,3543,Diner (1982),1,0,146,15,320,240,1.33
Phtnr5QeiZ4,3545,Cabaret (1972),1,0,212,23,1920,1080,1.78
d53UnYmd3vw,3547,Prick Up Your Ears (1987),1,0,156,25,640,480,1.33
NZXi_vOkMyU,3548,Auntie Mame (1958),1,0,188,24,640,272,2.35
ykzP_64l-xk,3549,Guys and Dolls (1955),1,0,293,23,700,480,1.46
8WmlhEO2cU4,3551,Marathon Man (1976),1,0,161,23,854,480,1.78
mug7vBaLfoI,3553,Gossip (2000),1,0,32,29,640,480,1.33
Ur83i6_BjbE,3554,Love and Basketball (2000),1,0,143,23,1280,720,1.78
2imOf6-H3tI,3555,U-571 (2000),1,0,143,15,320,240,1.33
m3q2YzKp138,3556,"Virgin Suicides, The (1999)",1,0,67,23,640,360,1.78
KqiZTy1NB0E,3563,"Crow: Salvation, The (2000)",1,0,68,14,480,360,1.33
HbzcodGsaRs,3565,Where the Heart Is (2000),1,0,144,14,320,240,1.33
_MZXKWNvtK4,3566,"Big Kahuna, The (2000)",1,0,104,25,640,480,1.33
beYshtSAfJo,3568,Smiling Fish and Goat on Fire (1999),1,0,49,29,852,480,1.77
M0wP4rP6R70,3572,Carnosaur (1993),1,0,79,23,384,240,1.6
VkF7QQTLrYY,3573,Carnosaur 2 (1995),1,0,4928,23,470,360,1.31
ktSARBr8Rts,3574,Carnosaur 3: Primal Species (1996),1,0,80,23,706,480,1.47
YuL5YfbpoX0,3575,Defying Gravity (1997),1,0,66,24,318,240,1.32
xl4Jo253GAw,3576,"Hidden, The (1987)",1,0,30,29,640,480,1.33
0bh8BbbdsHw,3577,Two Moon Junction (1988),1,0,71,15,320,240,1.33
ol67qo3WhJk,3578,Gladiator (2000),1,0,82,25,636,480,1.32
_X2hcx1v0Rw,3579,I Dreamed of Africa (2000),1,0,131,15,320,240,1.33
CGVQN49xEaI,3580,Up at the Villa (2000),1,0,133,14,320,180,1.78
fc0kPAPNahU,3581,Human Traffic (1999),1,0,89,25,640,480,1.33
WvYcy961kD4,3587,Inferno (1980),1,0,197,24,854,480,1.78
JYREWGLGEnI,3588,"King of Marvin Gardens, The (1972)",1,0,81,23,1920,1080,1.78
6DkI-WbxbAc,3590,"Lords of Flatbush, The (1974)",1,0,30,29,640,480,1.33
Q_PVhhsELvA,3591,Mr. Mom (1983),1,0,89,23,1920,1080,1.78
tAnX6XQ8bQw,3593,Battlefield Earth (2000),1,0,52,29,854,364,2.35
CmHPpl5FNh8,3594,Center Stage (2000),1,0,150,23,1920,1080,1.78
KZlfi_qlTnw,3596,Screwed (2000),1,0,146,23,648,480,1.35
F39CYBE6-Kg,3598,Hamlet (2000),1,0,145,23,1280,720,1.78
24JS-MuHjkU,3599,Anchors Aweigh (1945),1,0,148,23,638,480,1.33
qf-KSYbBRfQ,3600,Blue Hawaii (1961),1,0,195,23,638,360,1.77
fUGcSyMlB3U,3602,G. I. Blues (1960),1,0,165,23,636,360,1.77
S5175bV18MM,3604,Gypsy (1962),1,0,214,30,426,178,2.39
gP1xMPDGsPQ,3605,King Creole (1958),1,0,172,23,1920,1080,1.78
x7CIgWZTdgw,3606,On the Town (1949),1,0,186,23,480,360,1.33
ZrzqBwuxHV8,3608,Pee-wee's Big Adventure (1985),1,0,89,23,416,240,1.73
XkSFPxqRGFE,3609,Regret to Inform (1998),1,0,109,29,720,480,1.5
KktuLL2zuFY,3612,"Slipper and the Rose, The (1976)",1,0,252,23,1920,1080,1.78
jIXL5ilQZaY,3613,Things Change (1988),1,0,105,23,640,480,1.33
MbrZBvSUMkM,3614,Honeymoon in Vegas (1992),1,0,90,23,1280,720,1.78
kSALPinwy3U,3616,Loser (2000),1,0,37,29,636,480,1.32
RXmANh0-2Bg,3617,Road Trip (2000),1,0,139,23,1920,1080,1.78
PmVPGOWoNxo,3619,"Hollywood Knights, The (1980)",1,0,59,29,320,240,1.33
NRzz9DOm1G0,3620,"Myth of Fingerprints, The (1997)",1,0,140,23,546,360,1.52
40R0ccBfYpM,3621,Possession (1981),1,0,117,29,426,236,1.81
Wt1lHyuTDWE,3622,"Twelve Chairs, The (1970)",1,0,89,14,480,360,1.33
vIpqpRuGrq4,3623,Mission: Impossible II (2000),1,0,121,23,640,288,2.22
w81n8BUWixM,3627,Carnival of Souls (1962),1,0,158,23,1920,1080,1.78
PvfRdnzYZ_c,3628,Flying Tigers (1942),1,0,113,29,358,240,1.49
kDlEvaKBkhU,3629,"Gold Rush, The (1925)",1,0,87,25,640,480,1.33
hUslFpsS_kM,3632,Monsieur Verdoux (1947),1,0,201,25,328,240,1.37
dOLq5Rg9N-c,3633,On Her Majesty's Secret Service (1969),1,0,228,23,1280,544,2.35
EsMuK_Sos58,3634,Seven Days in May (1964),1,0,223,29,854,480,1.78
0-Nf77gSI_c,3635,"Spy Who Loved Me, The (1977)",1,0,81,25,1920,1026,1.87
KFOOjYU16KE,3638,Moonraker (1979),1,0,223,23,1280,544,2.35
gF5fr3Zhi7E,3639,"Man with the Golden Gun, The (1974)",1,0,205,23,1280,690,1.86
njhwlzuPXv4,3646,Big Momma's House (2000),1,0,146,14,480,360,1.33
Rcq2bdeP0Ec,3649,American Gigolo (1980),1,0,121,23,854,480,1.78
yZsuQXKkPdw,3653,"Endless Summer, The (1966)",1,0,83,23,854,480,1.78
MhQvkPMNt70,3654,"Guns of Navarone, The (1961)",1,0,221,12,320,240,1.33
5HMCBGgweqI,3657,Pandora and the Flying Dutchman (1951),1,0,195,25,640,480,1.33
q5Z8mRbWLwY,3658,Quatermass and the Pit (1967),1,0,154,23,480,360,1.33
vCwRzJQ0T7Y,3659,Quatermass 2 (Enemy from Space) (1957),1,0,113,29,618,480,1.29
Sq4MjUNvguI,3662,Puppet Master III: Toulon's Revenge (1991),1,0,136,23,1920,1080,1.78
2_jD8vGlvzM,3663,Puppet Master 4 (1993),1,0,118,25,320,240,1.33
JQCM81hdWOE,3664,Puppet Master 5: The Final Chapter (1994),1,0,112,23,514,360,1.43
Jq8r1Xv7Lyw,3665,Curse of the Puppet Master (Puppet Master 6: The Curse) (1998),1,0,108,23,640,312,2.05
4FHpmn-KYec,3668,Romeo and Juliet (1968),1,0,259,25,640,480,1.33
qOZdWWDFKVE,3669,Stay Tuned (1992),1,0,120,29,640,480,1.33
VKayG1TrfuE,3671,Blazing Saddles (1974),1,0,134,24,1280,720,1.78
mYpRaGbKjbc,3672,Benji (1974),1,0,357,23,640,348,1.84
3n3-UtakD3I,3675,White Christmas (1954),1,0,147,23,1920,1080,1.78
J0Eq5GtCYdA,3676,Eraserhead (1977),1,0,46,23,1920,1080,1.78
QcVmt5je88M,3677,Baraka (1992),1,0,73,29,854,480,1.78
UelBmskBuXk,3678,"Man with the Golden Arm, The (1955)",1,0,337,23,1920,1080,1.78
XsS3GLw2-DA,3681,For a Few Dollars More (Per qualche dollaro in più) (1965),1,0,231,23,1280,542,2.36
A3IshkBUric,3682,Magnum Force (1973),1,0,160,29,1920,1080,1.78
vI0ov8zzfQA,3683,Blood Simple (1984),1,0,123,25,600,480,1.25
5jFB61kPIaQ,3684,"Fabulous Baker Boys, The (1989)",1,0,150,25,320,240,1.33
VEz13l-ULX0,3685,Prizzi's Honor (1985),1,0,106,29,320,240,1.33
U8rTNnk8ROM,3686,Flatliners (1990),1,0,84,29,480,360,1.33
tUmp5jD0xUA,3688,Porky's (1982),1,0,29,29,482,360,1.34
jaeR_RtjwDY,3689,Porky's II: The Next Day (1983),1,0,29,29,482,360,1.34
bMCG-tdTXVU,3691,Private School (1983),1,0,47,14,470,360,1.31
vFcF99Yskqw,3696,Night of the Creeps (1986),1,0,86,23,426,240,1.77
po4MN1V75eU,3697,Predator 2 (1990),1,0,29,29,640,480,1.33
CpB6AJqjxvs,3698,"Running Man, The (1987)",1,0,30,29,640,480,1.33
OgF2lbAL6RA,3699,Starman (1984),1,0,120,29,640,480,1.33
TmDRQWn7jgk,3701,Alien Nation (1988),1,0,88,23,1440,1080,1.33
JMG7j3zReJQ,3702,Mad Max (1979),1,0,127,23,1920,1040,1.85
k3E6uWoNPVo,3703,"Road Warrior, The (Mad Max 2) (1981)",1,0,161,29,720,480,1.5
YOol44WGats,3704,Mad Max Beyond Thunderdome (1985),1,0,135,29,854,480,1.78
MhaVziFh1ws,3705,Bird on a Wire (1990),1,0,156,23,640,356,1.8
NKiVe49AgSE,3706,Angel Heart (1987),1,0,100,23,1920,1080,1.78
oRCRpEDyFuU,3707,9 1/2 Weeks (Nine 1/2 Weeks) (1986),1,0,152,24,426,240,1.77
zs4mg5EmoHk,3708,Firestarter (1984),1,0,137,23,662,480,1.38
7MDUbjbTZos,3709,Sleepwalkers (1992),1,0,104,29,480,360,1.33
vTtdtESSpPM,3710,Action Jackson (1988),1,0,29,29,640,480,1.33
0PLnF8EZu7s,3712,Soapdish (1991),1,0,151,23,654,480,1.36
J-YwJKIqyOE,3713,"Long Walk Home, The (1990)",1,0,105,14,480,360,1.33
4fYg2S6c84s,3714,Clara's Heart (1988),1,0,81,29,640,480,1.33
DWK1l8STTgw,3715,Burglar (1987),1,0,90,29,640,480,1.33
cxCE9gDm1vo,3717,Gone in 60 Seconds (2000),1,0,128,29,1280,720,1.78
fdJXlNgnQTk,3720,Sunshine (1999),1,0,146,25,600,480,1.25
xXaNjvZ9Va4,3721,Trixie (2000),1,0,128,25,640,480,1.33
tMvqWk7q8Ss,3723,Hamlet (1990),1,0,30,29,640,480,1.33
D4KhXoWhjFI,3724,Coming Home (1978),1,0,123,23,640,480,1.33
VBwz9Pijr1E,3725,American Pop (1981),1,0,139,23,688,480,1.43
-WPxTWDEtAg,3727,Near Dark (1987),1,0,145,29,640,480,1.33
bsRioSC-fgg,3728,One False Move (1992),1,0,86,29,640,480,1.33
NiCB2isZcRM,3729,Shaft (1971),1,0,191,23,634,360,1.76
VD_CAJHIIQE,3730,"Conversation, The (1974)",1,0,162,25,854,480,1.78
bBhprZR8IRQ,3731,Cutter's Way (1981),1,0,160,14,480,360,1.33
hYe3BoVvCcY,3732,"Fury, The (1978)",1,0,23,29,640,480,1.33
wGUfvZU4wiE,3733,"Paper Chase, The (1973)",1,0,199,29,1920,1080,1.78
CUz8HKTGsPM,3734,Prince of the City (1981),1,0,98,29,720,480,1.5
RsWPMM8iD2Y,3735,Serpico (1973),1,0,283,23,1920,1080,1.78
GLy5vb6nyok,3736,"Ace in the Hole (Big Carnival, The) (1951)",1,0,140,29,640,480,1.33
RDKGx3lOXkQ,3737,Lonely Are the Brave (1962),1,0,155,29,854,480,1.78
qKykxE7CBbc,3741,Badlands (1973),1,0,176,23,1920,1080,1.78
kS5kzTbNKjs,3742,Battleship Potemkin (1925),1,0,92,23,1280,720,1.78
FBIYE656wr0,3743,Boys and Girls (2000),1,0,148,16,480,360,1.33
DcLG3AfyVDI,3744,Shaft (2000),1,0,67,23,636,360,1.77
njRH_EDfLpA,3745,Titan A.E. (2000),1,0,148,29,640,248,2.58
JSgUBrnRpAk,3746,Butterfly (La lengua de las mariposas) (1999),1,0,77,25,640,354,1.81
4C7KjAd5PT4,3747,Jesus' Son (1999),1,0,143,23,640,354,1.81
jevaUcKLoMY,3751,Chicken Run (2000),1,0,136,29,480,360,1.33
ZaTmxMc4PIw,3753,"Patriot, The (2000)",1,0,167,25,640,350,1.83
T2hBBONbMCo,3755,"Perfect Storm, The (2000)",1,0,79,25,660,480,1.38
tzQZT3H6Nzc,3759,Fun and Fancy Free (1947),1,0,65,23,640,480,1.33
tgSXKM9WcxY,3760,"Kentucky Fried Movie, The (1977)",1,0,146,23,1920,1080,1.78
EgXh-jXG-Vk,3761,"Bound by Honor (a.k.a. Blood In, Blood Out) (1993)",1,0,110,25,640,480,1.33
rDQ1hzfb_B4,3763,F/X (1986),1,0,143,25,630,480,1.31
vmWLUAsas60,3765,"Hot Spot, The (1990)",1,0,107,29,720,480,1.5
CgmADv4tkLQ,3766,Missing in Action (1984),1,0,92,24,1280,720,1.78
up0RYauFILk,3768,Braddock: Missing in Action III (1988),1,0,92,30,470,360,1.31
m7KVPZcDoLo,3769,Thunderbolt and Lightfoot (1974),1,0,115,29,720,480,1.5
nRYp3LPL0bc,3770,Dreamscape (1984),1,0,131,25,366,240,1.52
3qrRSQ7ZJE8,3771,The Golden Voyage of Sinbad (1973),1,0,167,23,1920,1080,1.78
C0vprq8bEhk,3773,House Party (1990),1,0,85,23,1920,1080,1.78
ElnqVbngjy0,3775,Make Mine Music (1946),1,0,59,29,640,480,1.33
tG9RD1lje_s,3780,Rocketship X-M (1950),1,0,251,25,960,720,1.33
P3LFLxIySX8,3783,Croupier (1998),1,0,112,25,320,232,1.38
D_ubwE3IJhY,3784,"Kid, The (2000)",1,0,134,23,640,480,1.33
LPI47v23wo0,3785,Scary Movie (2000),1,0,91,23,1920,816,2.35
X_yjuTaRGx4,3786,But I'm a Cheerleader (1999),1,0,114,29,320,240,1.33
2Xz1utzILj4,3788,Blow-Up (Blowup) (1966),1,0,128,25,640,480,1.33
xxOuSqokKok,3791,Footloose (1984),1,0,95,23,1920,1080,1.78
Iy5R5_T243w,3793,X-Men (2000),1,0,121,23,1920,1080,1.78
3uwx7tnwdCw,3799,Pokémon the Movie 2000 (2000),1,0,95,29,1920,1080,1.78
fMCt7fyjqO0,3801,Anatomy of a Murder (1959),1,0,162,29,322,240,1.34
I3q0iHYVjBA,3805,Knightriders (1981),1,0,147,23,320,240,1.33
gNOHaOd5BDQ,3807,Sinbad and the Eye of the Tiger (1977),1,0,92,29,484,360,1.34
ptmP1lziJw4,3809,What About Bob? (1991),1,0,129,29,320,214,1.5
uDANCwhxAYw,3810,White Sands (1992),1,0,103,14,480,360,1.33
q-AKnXMEqhg,3811,Breaker Morant (1980),1,0,179,29,640,480,1.33
uinn26P2c6M,3812,Everything You Always Wanted to Know About Sex * But Were Afraid to Ask (1972),1,0,151,29,480,360,1.33
lhphrzgPpaE,3813,Interiors (1978),1,0,166,30,640,360,1.78
ESMIOnDD3Gg,3814,Love and Death (1975),1,0,151,23,1920,1080,1.78
5Ypa4IIgEjU,3820,Thomas and the Magic Railroad (2000),1,0,309,29,640,480,1.33
5Tsg_dVhNi4,3822,"Girl on the Bridge, The (Fille sur le pont, La) (1999)",1,0,117,8,160,120,1.33
OuXCatJa9ys,3823,Wonderland (1999),1,0,120,15,320,240,1.33
U1K6d26T9f4,3824,Autumn in New York (2000),1,0,95,29,654,480,1.36
2lqWOOHOwlE,3825,Coyote Ugly (2000),1,0,133,24,424,240,1.77
NMbybSfJmng,3826,Hollow Man (2000),1,0,103,25,1920,1080,1.78
7PAZBAV43Zw,3827,Space Cowboys (2000),1,0,135,25,640,266,2.41
-n8rHwtoEwo,3831,Saving Grace (2000),1,0,109,29,1906,1080,1.76
8bidEQn6vfg,3833,"Brain That Wouldn't Die, The (1962)",1,0,128,23,1920,1080,1.78
oqyBr-07Eh0,3834,Bronco Billy (1980),1,0,161,29,720,480,1.5
6VqApvhJ1CM,3835,"Crush, The (1993)",1,0,116,29,480,360,1.33
beAQVm1j56w,3836,Kelly's Heroes (1970),1,0,165,25,426,240,1.77
3LHizNyn8Tc,3837,Phantasm II (1988),1,0,81,23,476,360,1.32
bXZtb7R2rRQ,3839,Phantasm IV: Oblivion (1998),1,0,32,29,640,480,1.33
Goj3RGld4mI,3841,Air America (1990),1,0,90,29,640,480,1.33
yfZR1Lqjws4,3843,Sleepaway Camp (1983),1,0,61,29,352,240,1.47
v2IGgZgWj0k,3844,Steel Magnolias (1989),1,0,87,24,320,236,1.36
Kmqv88jWhyE,3845,And God Created Woman (Et Dieu... créa la femme) (1956),1,0,159,29,640,360,1.78
wZay5lGzWZg,3848,Silent Fall (1994),1,0,117,15,320,240,1.33
Y-hIiCQT848,3849,"Spiral Staircase, The (1946)",1,0,118,14,480,360,1.33
D-B23kX0cXk,3852,"Tao of Steve, The (2000)",1,0,124,15,320,236,1.36
jN9a54jcVBo,3855,"Affair of Love, An (Liaison pornographique, Une) (1999)",1,0,89,30,854,458,1.86
PbO-OMzEJSM,3857,Bless the Child (2000),1,0,137,23,620,360,1.72
LMmKfKCZoTk,3858,Cecil B. DeMented (2000),1,0,149,23,320,240,1.33
3o0eL4ymO04,3859,"Eyes of Tammy Faye, The (2000)",1,0,102,29,640,480,1.33
gb0_dGLqYh8,3860,"Opportunists, The (2000)",1,0,95,25,320,240,1.33
Ivh1DoSVfyo,3861,"Replacements, The (2000)",1,0,30,29,640,480,1.33
VvYJkD2nWco,3863,"Cell, The (2000)",1,0,147,29,960,720,1.33
YIXCPklInKs,3864,Godzilla 2000 (Gojira ni-sen mireniamu) (1999),1,0,1092,29,1920,1080,1.78
7g7MDO011go,3865,"Original Kings of Comedy, The (2000)",1,0,167,23,1280,720,1.78
PACTQutbow4,3868,"Naked Gun: From the Files of Police Squad!, The (1988)",1,0,141,23,1920,1080,1.78
WvY-X4P5y7Y,3869,"Naked Gun 2 1/2: The Smell of Fear, The (1991)",1,0,129,23,654,480,1.36
Rnqch54OlrM,3870,Our Town (1940),1,0,225,29,960,720,1.33
SWdPmapuOd4,3871,Shane (1953),1,0,118,23,320,240,1.33
AEtxxpohPtU,3872,"Suddenly, Last Summer (1959)",1,0,161,29,354,240,1.48
koAA9MvqSpI,3873,Cat Ballou (1965),1,0,140,30,320,240,1.33
LCZnuo1vuWU,3875,"Devil Rides Out, The (1968)",1,0,157,24,1920,1080,1.78
gN-mEvkRUOI,3877,Supergirl (1984),1,0,30,29,640,480,1.33
q8xEQdWQCho,3879,"Art of War, The (2000)",1,0,137,25,336,144,2.33
1sAsa9PMicc,3882,Bring It On (2000),1,0,134,9,320,172,1.86
IxulvgFgTQo,3886,Steal This Movie! (2000),1,0,139,14,480,360,1.33
M7mqpGNx8FI,3889,Highlander: Endgame (Highlander IV) (2000),1,0,94,24,240,144,1.67
56RjtHLMzyI,3891,Turn It Up (2000),1,0,30,29,640,480,1.33
QaNyjieDxd0,3895,"Watcher, The (2000)",1,0,131,23,426,228,1.87
uXGm-2lvJww,3896,"Way of the Gun, The (2000)",1,0,127,23,384,216,1.78
qk0XnyrENrE,3897,Almost Famous (2000),1,0,151,23,640,360,1.78
sBaoJ1qb5p8,3903,Urbania (2000),1,0,108,25,640,480,1.33
1wMvv924Gks,3905,"Specials, The (2000)",1,0,157,29,636,480,1.32
uktZyVdRAq0,3908,Urban Legends: Final Cut (2000),1,0,136,30,320,172,1.86
53vr9EiOH7g,3910,Dancer in the Dark (2000),1,0,153,29,640,480,1.33
K-BggWWn_bw,3911,Best in Show (2000),1,0,185,23,1920,1080,1.78
QRaWJy3NmFg,3914,"Broken Hearts Club, The (2000)",1,0,30,29,636,480,1.32
XeQM3-g_aRY,3915,Girlfight (2000),1,0,30,29,636,480,1.32
nPhu9XsRl4M,3916,Remember the Titans (2000),1,0,154,23,640,356,1.8
P7TWm3Akw-s,3917,Hellraiser (1987),1,0,89,23,640,360,1.78
gmPRdknRfUU,3919,Hellraiser III: Hell on Earth (1992),1,0,135,23,1280,720,1.78
8-kAhp0pruM,3920,"Faraway, So Close (In weiter Ferne, so nah!) (1993)",1,0,125,23,314,234,1.34
Zri0vfCwoS0,3923,Return of the Fly (1959),1,0,96,29,640,480,1.33
MwefGellnhk,3925,Stranger Than Paradise (1984),1,0,161,25,640,480,1.33
tSnJ_z5m2mY,3926,Voyage to the Bottom of the Sea (1961),1,0,186,29,640,480,1.33
dO5E4wkg0hA,3927,Fantastic Voyage (1966),1,0,209,23,1920,1080,1.78
j6l8auIACyc,3928,Abbott and Costello Meet Frankenstein (1948),1,0,128,23,1280,720,1.78
uIy-CKvHoMk,3929,"Bank Dick, The (1940)",1,0,111,14,320,240,1.33
lM1o1xe5FGE,3930,"Creature from the Black Lagoon, The (1954)",1,0,146,30,320,240,1.33
6cprPf3DTEo,3932,"Invisible Man, The (1933)",1,0,93,29,360,240,1.5
nhG8vLz9PUA,3933,"Killer Shrews, The (1959)",1,0,101,29,640,480,1.33
7ErOqYD-i3Q,3934,Kronos (1957),1,0,125,29,640,480,1.33
gFuNXUCG4Bs,3945,Digimon: The Movie (2000),1,0,113,29,1920,1080,1.78
8vhxyEcR-FM,3946,Get Carter (2000),1,0,149,23,640,360,1.78
I18TOdCvvdM,3948,Meet the Parents (2000),1,0,163,23,640,480,1.33
lgo3Hb5vWLE,3949,Requiem for a Dream (2000),1,0,93,29,854,480,1.78
LABt1rwmIgg,3950,Tigerland (2000),1,0,153,29,360,240,1.5
n4bBafN_s6I,3951,Two Family House (2000),1,0,149,12,320,240,1.33
c9bC0mg_nJY,3952,"Contender, The (2000)",1,0,147,23,854,480,1.78
dYzAFvkOyDg,3955,"Ladies Man, The (2000)",1,0,128,23,654,480,1.36
bv9duF-UE50,3956,Lost Souls (2000),1,0,124,29,640,480,1.33
2GZnAbgGFxg,3959,"Time Machine, The (1960)",1,0,60,29,640,480,1.33
gTZPOh21q2Q,3961,Ghoulies (1985),1,0,111,29,1280,720,1.78
8z3oCwxXqJ4,3962,Ghoulies II (1987),1,0,80,23,426,240,1.77
Vk10MoMpMIA,3963,"Unsinkable Molly Brown, The (1964)",1,0,179,29,640,266,2.41
S5ZcWJgoapg,3964,"Adventures of Ichabod and Mr. Toad, The (1949)",1,0,30,14,480,360,1.33
O9JSZDLtbzU,3965,"Strange Love of Martha Ivers, The (1946)",1,0,102,29,522,360,1.45
phCEwSmHpOE,3967,Billy Elliot (2000),1,0,150,12,400,214,1.87
5xUnFbyqNr4,3968,Bedazzled (2000),1,0,142,25,626,360,1.74
_pCtXRP1edo,3969,Pay It Forward (2000),1,0,142,23,640,356,1.8
ef0oH3ZizfI,3970,"Beyond, The (E tu vivrai nel terrore - L'aldilà) (1981)",1,0,204,23,640,358,1.79
n4s0zL1at2E,3976,Stardom (2000),1,0,100,29,480,360,1.33
yBVM-oXoYaQ,3977,Charlie's Angels (2000),1,0,154,23,640,352,1.82
_0jhAYDiFwo,3979,Little Nicky (2000),1,0,145,29,640,480,1.33
Tle384oEa4s,3984,Diamonds Are Forever (1971),1,0,90,25,1920,1026,1.87
fD9soYn4tQA,3985,"Eagle Has Landed, The (1976)",1,0,173,29,320,240,1.33
abC4ifXqnMM,3987,Bounce (2000),1,0,97,29,720,480,1.5
d_9m-gRaxzA,3988,How the Grinch Stole Christmas (a.k.a. The Grinch) (2000),1,0,55,29,640,480,1.33
WUax6vEEdac,3989,One Day in September (1999),1,0,112,13,316,240,1.32
F8riqB7r5EQ,3990,Rugrats in Paris: The Movie (2000),1,0,127,29,626,360,1.74
cGHh59Oj8eU,3991,102 Dalmatians (2000),1,0,150,29,480,360,1.33
u--PYnIYewE,3993,Quills (2000),1,0,148,12,320,240,1.33
h5eCFjjQFxY,3994,Unbreakable (2000),1,0,123,23,854,462,1.85
PYZTDBJFDKM,3996,"Crouching Tiger, Hidden Dragon (Wo hu cang long) (2000)",1,0,115,29,720,480,1.5
efSq9FF1r2Q,3997,Dungeons & Dragons (2000),1,0,150,23,640,352,1.82
g5QER2wu0lg,4000,"Bounty, The (1984)",1,0,130,29,426,238,1.79
VWGqGHMO294,4002,"Planes, Trains & Automobiles (1987)",1,0,85,23,854,480,1.78
YZL-vPF_Wpc,4003,She's Having a Baby (1988),1,0,30,29,640,480,1.33
IXAVKJTIM1E,4005,"Living Daylights, The (1987)",1,0,89,23,1280,544,2.35
zaEWLuVJee0,4006,Transformers: The Movie (1986),1,0,86,24,240,180,1.33
2KqKHuPa2J8,4007,Wall Street (1987),1,0,98,29,1920,1080,1.78
t8NR6n1nRMI,4008,Born on the Fourth of July (1989),1,0,162,29,720,480,1.5
M5E9RV9TyEo,4009,Talk Radio (1988),1,0,128,25,290,240,1.21
8wNqNO3jqkk,4010,Brewster's Millions (1985),1,0,86,23,476,360,1.32
ni4tEtuTccc,4011,Snatch (2000),1,0,116,23,1920,1080,1.78
Fk6AHn48MCY,4012,Punchline (1988),1,0,141,29,160,120,1.33
d1wuijgeaaY,4015,"Dude, Where's My Car? (2000)",1,0,146,29,640,480,1.33
z0xiovbDML0,4017,Pollock (2000),1,0,140,29,720,480,1.5
VFwHs7fEUNs,4018,What Women Want (2000),1,0,141,23,600,360,1.67
ziT9MlQjDjM,4019,Finding Forrester (2000),1,0,148,14,320,240,1.33
ljcLwaXvwNM,4021,Before Night Falls (2000),1,0,126,29,1280,720,1.78
4olwbrY2kwE,4022,Cast Away (2000),1,0,150,23,1920,1080,1.78
OnouJoQs52c,4023,"Family Man, The (2000)",1,0,149,23,426,228,1.87
8emJD-rR9Cs,4025,Miss Congeniality (2000),1,0,149,29,1280,720,1.78
I1C2gCXo4Gs,4027,"O Brother, Where Art Thou? (2000)",1,0,151,23,640,352,1.82
py_sPdBmstA,4030,Dracula 2000 (2000),1,0,132,23,854,480,1.78
yygkQ8SjjQk,4031,All the Pretty Horses (2000),1,0,153,29,638,480,1.33
gjpadtJs9QA,4034,Traffic (2000),1,0,142,24,720,480,1.5
m-GzueA4Ovc,4035,"Claim, The (2000)",1,0,134,29,1280,720,1.78
A0eFfE8oa98,4037,House of Games (1987),1,0,121,23,626,360,1.74
OiM8S9VLjvU,4039,Annie (1982),1,0,211,25,854,366,2.33
ofKeN70uCrY,4040,Don't Tell Mom the Babysitter's Dead (1991),1,0,30,29,640,480,1.33
l1Ehz_cAMGc,4041,"Officer and a Gentleman, An (1982)",1,0,146,29,720,480,1.5
gXLmh5EldOA,4042,"Alamo, The (1960)",1,0,257,23,1920,1080,1.78
W84Jji0FyDk,4043,At Close Range (1986),1,0,182,29,720,480,1.5
yvDrSCTUtAs,4045,Breakheart Pass (1975),1,0,166,30,640,480,1.33
RgiJFE9FVCk,4047,Gettysburg (1993),1,0,166,29,854,356,2.4
o8WOyFULicA,4048,Imaginary Crimes (1994),1,0,133,29,854,480,1.78
k3TwIJjyjPM,4052,Antitrust (2001),1,0,145,29,1920,1080,1.78
3n8cJ6Kl8vc,4053,Double Take (2001),1,0,127,29,426,240,1.77
-xzdCd15gqE,4054,Save the Last Dance (2001),1,0,144,25,320,240,1.33
1YQ0Q64ro3o,4055,Panic (2000),1,0,107,29,320,240,1.33
jTf_2OKsXKk,4056,"Pledge, The (2001)",1,0,140,25,320,240,1.33
IdU3nAl0n3c,4061,"Man in the Moon, The (1991)",1,0,182,25,640,480,1.33
mSbrULyuyAw,4062,Mystic Pizza (1988),1,0,103,29,640,480,1.33
4DmWLxGad8I,4063,Prelude to a Kiss (1992),1,0,103,29,480,360,1.33
BddDCZwWkw0,4066,I'm Gonna Git You Sucka (1988),1,0,129,23,638,480,1.33
OrHKg87fUCc,4067,Untamed Heart (1993),1,0,125,29,640,360,1.78
wP60n7sCKUk,4068,Sugar & Spice (2001),1,0,138,25,640,356,1.8
gGOUZ66EGyU,4073,"Invisible Circus, The (2001)",1,0,116,20,600,480,1.25
TSuhi1o_9Cs,4079,Amazon Women on the Moon (1987),1,0,89,25,320,240,1.33
UOpOaGdLj_8,4080,Baby Boom (1987),1,0,122,23,426,230,1.85
QXMmD1uEYGY,4081,Back to the Beach (1987),1,0,27,29,640,480,1.33
SrpTDaSjfaM,4082,Barfly (1987),1,0,121,29,322,240,1.34
vbOcCgCqrwQ,4084,Beverly Hills Cop II (1987),1,0,29,29,640,480,1.33
Ic2AhqLWuI0,4086,"Big Easy, The (1987)",1,0,121,23,632,480,1.32
8XkYj57bqXY,4088,"Big Town, The (1987)",1,0,137,29,360,240,1.5
bpGLpD25dpU,4090,"Brave Little Toaster, The (1987)",1,0,114,25,600,480,1.25
mxlKgoHo4yU,4091,Can't Buy Me Love (1987),1,0,124,29,720,480,1.5
kckEEQKXaCU,4092,Cherry 2000 (1987),1,0,147,23,494,360,1.37
iq4VjE0_AVQ,4095,Cry Freedom (1987),1,0,162,25,640,480,1.33
zy6K6lViBcE,4098,"Dead, The (1987)",1,0,205,29,640,480,1.33
wbFyEEt0KW4,4102,Eddie Murphy Raw (1987),1,0,66,29,640,480,1.33
-tHigCYpoOo,4103,Empire of the Sun (1987),1,0,83,25,854,480,1.78
ZAhbeEaXs3k,4104,Ernest Goes to Camp (1987),1,0,134,29,480,360,1.33
XwNydRob4pI,4106,Extreme Prejudice (1987),1,0,138,29,720,480,1.5
dfx91MSa4g4,4114,"Good Morning, Babylon (1987)",1,0,296,29,392,240,1.63
FSiQ0PeMHJM,4116,Hollywood Shuffle (1987),1,0,109,23,640,346,1.85
32wyLEBf60c,4117,Hope and Glory (1987),1,0,179,23,584,360,1.62
yzkcSwlrdgg,4121,Innerspace (1987),1,0,86,29,1920,1080,1.78
w_0TJ6GtaLM,4122,Ironweed (1987),1,0,113,15,320,240,1.33
WQDXfB1nBnk,4124,Jaws: The Revenge (1987),1,0,64,29,640,480,1.33
y3_iP1-shW8,4126,Less Than Zero (1987),1,0,129,25,1920,1080,1.78
hsv_NQFbQzo,4128,"Lost Boys, The (1987)",1,0,84,23,720,480,1.5
OuPWK_antUI,4130,Maid to Order (1987),1,0,119,30,470,360,1.31
wCfI3zgG0Jc,4131,Making Mr. Right (1987),1,0,119,23,640,356,1.8
CF20B8p4F08,4133,Masters of the Universe (1987),1,0,102,23,624,360,1.73
6q6p3KwyWTk,4135,"Monster Squad, The (1987)",1,0,166,23,1920,1080,1.78
DbMaVIQau1E,4136,"Month in the Country, A (1987)",1,0,135,23,1920,1080,1.78
_c0dj11dn98,4139,No Man's Land (1987),1,0,100,23,502,360,1.39
AJkUsQfgsvI,4140,North Shore (1987),1,0,30,29,640,480,1.33
lrnGD7JN2KE,4141,Head Over Heels (2001),1,0,134,23,640,336,1.9
KEwV-VN8YVY,4143,Valentine (2001),1,0,161,25,640,480,1.33
BnFjSHQFVkA,4144,In the Mood For Love (Fa yeung nin wa) (2000),1,0,163,24,320,240,1.33
eHSYth2wSEk,4148,Hannibal (2001),1,0,141,29,640,360,1.78
pcUE7DtW7hw,4149,Saving Silverman (Evil Woman) (2001),1,0,146,24,426,230,1.85
A8D159k0ZEE,4151,"Taste of Others, The (Le goût des autres) (2000)",1,0,132,25,640,480,1.33
YB2yDsL9BWc,4153,Down to Earth (2001),1,0,175,23,1280,720,1.78
BgOIYGutIx8,4156,Company Man (2000),1,0,147,23,1280,720,1.78
ne3KkIW7u_U,4158,Monkeybone (2001),1,0,110,29,540,360,1.5
KJPNc2NOKc8,4159,3000 Miles to Graceland (2001),1,0,126,29,640,360,1.78
yn6nQsqZcys,4161,"Mexican, The (2001)",1,0,167,24,426,230,1.85
oKM5Qq-ZuLM,4166,Series 7: The Contenders (2001),1,0,105,29,634,360,1.76
SlXN87OYnqE,4167,15 Minutes (2001),1,0,140,23,854,470,1.82
nET7V9DsWgo,4168,Get Over It (2001),1,0,123,23,1280,720,1.78
q6yObNphIPE,4169,Blow Dry (a.k.a. Never Better) (2001),1,0,74,23,640,480,1.33
uvN-SG_fBVk,4173,When Brendan Met Trudy (2000),1,0,100,25,320,208,1.54
b37auo3dSuM,4174,Avalon (1990),1,0,92,23,316,240,1.32
UDzGh6Z2WxA,4175,Gray's Anatomy (1996),1,0,146,23,1920,1080,1.78
t91ecmMnG18,4178,Of Mice and Men (1939),1,0,169,29,960,720,1.33
Wfd9AMG_VaY,4181,Tapeheads (1988),1,0,203,23,640,344,1.86
iZpuazT6MrA,4183,"Unbelievable Truth, The (1989)",1,0,97,23,640,350,1.83
gvCjrDf5YoU,4184,"Bishop's Wife, The (1947)",1,0,157,29,640,480,1.33
1O7cStOGZXI,4185,Elvis: That's the Way It Is (1970),1,0,113,23,854,480,1.78
nTHf36jLuV0,4186,"Fortune Cookie, The (1966)",1,0,154,12,320,240,1.33
8aL0ml00S9Q,4187,Lilies of the Field (1963),1,0,193,23,618,480,1.29
KJzwC_8f6nA,4188,Hans Christian Andersen (1952),1,0,130,25,320,240,1.33
on3M7YWlewo,4189,"Greatest Story Ever Told, The (1965)",1,0,209,23,1280,544,2.35
xU2_1OgFSWY,4190,Elmer Gantry (1960),1,0,194,25,320,240,1.33
4i49XISKA48,4191,Alfie (1966),1,0,133,29,854,480,1.78
yNomqxjRYlw,4194,I Know Where I'm Going! (1945),1,0,302,25,636,480,1.32
tRCS2zbYxxE,4195,"Abominable Dr. Phibes, The (1971)",1,0,174,23,1920,1080,1.78
7XxxdMf2msE,4198,Battle Beyond the Stars (1980),1,0,27,29,640,480,1.33
Rftm3yRSD_0,4200,Double Impact (1991),1,0,99,29,1920,1080,1.78
AJMNktgxE7o,4201,"End, The (1978)",1,0,27,29,640,480,1.33
g8K34N604Iw,4203,Harley Davidson and the Marlboro Man (1991),1,0,109,23,640,344,1.86
oC2Om-kO4Pk,4205,Mermaids (1990),1,0,135,15,320,240,1.33
Is16u0jr1bQ,4207,Navy Seals (1990),1,0,111,29,484,360,1.34
tXaGWiKxO2Q,4208,Unmade Beds (1997),1,0,159,23,640,480,1.33
czVMfUd5dFI,4210,Manhunter (1986),1,0,121,29,720,480,1.5
rjpxkaSzMpI,4211,Reversal of Fortune (1990),1,0,119,23,636,360,1.77
_zEfPyO14J4,4212,Death on the Nile (1978),1,0,165,25,636,480,1.32
pouTM3jqZCM,4213,Deepstar Six (1989),1,0,116,25,854,480,1.78
Hw6zrInbtQE,4214,Revenge of the Nerds (1984),1,0,91,23,640,352,1.82
h1XXfRwh66w,4215,Revenge of the Nerds II: Nerds in Paradise (1987),1,0,82,29,480,360,1.33
mGCeQC805vY,4216,Longtime Companion (1990),1,0,139,29,628,480,1.31
hyQmsqs5jus,4219,Girls Just Want to Have Fun (1985),1,0,98,23,636,480,1.32
wclo6KMZr28,4220,"Longest Yard, The (1974)",1,0,246,23,854,480,1.78
Z0zgO-bMeqc,4221,Necessary Roughness (1991),1,0,147,23,640,360,1.78
xqwlIaOyBSA,4223,Enemy at the Gates (2001),1,0,142,23,1920,824,2.33
ZYvSK-xBAMU,4224,Exit Wounds (2001),1,0,31,29,640,360,1.78
Tc4MSie-P0k,4225,"Dish, The (2001)",1,0,146,12,320,172,1.86
Rq9eM4ZXRgs,4226,Memento (2000),1,0,124,23,1280,544,2.35
oKsVdfKyxN4,4228,Heartbreakers (2001),1,0,121,25,854,460,1.86
MUNSzbk8Duw,4229,Say It Isn't So (2001),1,0,174,23,1280,720,1.78
3qFynd7Pa6A,4231,Someone Like You (2001),1,0,150,29,640,480,1.33
NEzAYcGxZp4,4233,Tomcats (2001),1,0,111,25,352,240,1.47
GfFAPmtf8sk,4234,"Tailor of Panama, The (2001)",1,0,111,25,640,480,1.33
kswRbwYqn3k,4238,Along Came a Spider (2001),1,0,121,29,640,480,1.33
q8lGHQn_n9Y,4239,Blow (2001),1,0,140,29,640,480,1.33
EH9CWWqb-6E,4246,Bridget Jones's Diary (2001),1,0,143,25,640,480,1.33
FpHIIE9Lois,4247,Joe Dirt (2001),1,0,154,23,640,356,1.8
XvVhTHJWFr0,4248,Josie and the Pussycats (2001),1,0,147,30,320,214,1.5
BDz-7aTo0f4,4251,Chopper (2000),1,0,169,25,640,480,1.33
qUtxkJC-X2Y,4252,"Circle, The (Dayereh) (2000)",1,0,296,29,1920,1080,1.78
4hlqCTxr1mE,4254,Crocodile Dundee in Los Angeles (2001),1,0,136,23,582,360,1.62
MFpai9cKHas,4255,Freddy Got Fingered (2001),1,0,139,29,720,480,1.5
abB-l3sX5QI,4262,Scarface (1983),1,0,61,29,640,480,1.33
rE7Wjm9ge68,4263,Days of Wine and Roses (1962),1,0,259,29,1920,1080,1.78
DPX_1XQtmB4,4268,Town & Country (2001),1,0,149,14,320,240,1.33
-jHhRi_rr4g,4270,"Mummy Returns, The (2001)",1,0,101,29,412,240,1.72
_o0CONMqKOc,4271,Eureka (Yurîka) (2000),1,0,63,30,320,178,1.8
DmmLMnrAUQk,4273,Under the Sand (2000),1,0,75,25,640,480,1.33
NGDyZHlHklo,4274,Cleopatra (1963),1,0,282,23,640,272,2.35
JtJZ3exJ3Jk,4275,Krull (1983),1,0,57,29,482,360,1.34
vOqyTw7fsp8,4276,Lost in America (1985),1,0,29,29,640,480,1.33
q3fdenwZ0Ys,4277,"Lost World, The (1925)",1,0,193,29,322,240,1.34
f-0abazgJfQ,4279,True Believer (1989),1,0,120,15,470,360,1.31
cLkFzP0oFac,4290,For the Boys (1991),1,0,122,29,640,360,1.78
V2PAzj7_zNA,4291,Nine to Five (a.k.a. 9 to 5) (1980),1,0,31,29,640,480,1.33
Iyve-jCYA3k,4292,Norma Rae (1979),1,0,168,12,320,240,1.33
KacBBqLb1DI,4293,Summer Rental (1985),1,0,91,29,854,480,1.78
Z0F7YkdLkEQ,4296,Love Story (1970),1,0,168,25,392,240,1.63
AucsvrC9V68,4297,Pelle the Conqueror (Pelle erobreren) (1987),1,0,137,23,640,356,1.8
a9bciTbt6l8,4298,Rififi (Du rififi chez les hommes) (1955),1,0,165,23,320,240,1.33
zH6U5y086hw,4299,"Knight's Tale, A (2001)",1,0,150,29,640,360,1.78
IrDpd4sCswY,4300,Bread and Roses (2000),1,0,107,29,640,480,1.33
y1y2Ue5Vd98,4302,"King Is Alive, The (2000)",1,0,111,15,320,240,1.33
bZ27rbJH6hI,4304,Startup.com (2001),1,0,100,23,320,240,1.33
mQegp0Zl_28,4305,Angel Eyes (2001),1,0,148,12,320,172,1.86
W37DlG1i61s,4306,Shrek (2001),1,0,130,24,424,240,1.77
dtEgAx80NC4,4308,Moulin Rouge (2001),1,0,155,24,424,240,1.77
oGYcxjywx0o,4310,Pearl Harbor (2001),1,0,207,23,1280,720,1.78
SjHRC5iO7fE,4316,Ice Castles (1978),1,0,159,25,640,360,1.78
uh6ir2m5SLw,4317,Love Potion #9 (1992),1,0,124,29,854,480,1.78
dk6TwWJ4u2g,4318,Postcards From the Edge (1990),1,0,186,23,1920,1080,1.78
24s9g9umwJg,4319,Apache (1954),1,0,409,23,480,360,1.33
rpxVp1g8xMQ,4321,City Slickers (1991),1,0,172,23,638,480,1.33
6BwpB_XJPlU,4324,"Kentuckian, The (1955)",1,0,134,23,352,240,1.47
987lXKJqHbY,4326,Mississippi Burning (1988),1,0,88,25,854,468,1.82
oam0x6wNK94,4327,"Magnificent Seven, The (1960)",1,0,162,29,1280,720,1.78
WPO12ZzGS84,4329,Rio Bravo (1959),1,0,165,29,1280,720,1.78
XHyRyDx75Ck,4333,Throw Momma from the Train (1987),1,0,84,29,1906,1080,1.76
EbwNZGrRfF8,4334,Yi Yi (2000),1,0,112,24,640,352,1.82
sHrQlMBdc8o,4337,"Sand Pebbles, The (1966)",1,0,211,23,1920,1080,1.78
k-umWzR3Z3M,4339,Von Ryan's Express (1965),1,0,190,25,640,270,2.37
aaQuj65Y28s,4342,Big Eden (2000),1,0,172,29,854,480,1.78
qAiUZUHcEbQ,4343,Evolution (2001),1,0,60,25,854,454,1.88
yxK0r2ORG9Y,4344,Swordfish (2001),1,0,127,14,320,180,1.78
sgxwpjaJwrU,4345,"Anniversary Party, The (2001)",1,0,144,29,854,480,1.78
XAYjBHUIS7A,4347,Divided We Fall (Musíme si pomáhat) (2000),1,0,114,29,360,240,1.5
Unn8fgs8fao,4349,Catch-22 (1970),1,0,194,23,854,366,2.33
tULVFTt3Fkg,4350,Forgotten Silver (1996),1,0,60,30,640,480,1.33
UsbuQ-jg014,4351,Point Break (1991),1,0,69,23,640,360,1.78
uhhnum5rzZE,4352,Shag (1989),1,0,102,29,480,360,1.33
jNcy0GZr_Zw,4354,Unlawful Entry (1992),1,0,122,25,450,360,1.25
dn6wNEv7M2w,4355,Youngblood (1986),1,0,79,29,720,480,1.5
ur9GKLl8v4U,4356,Gentlemen Prefer Blondes (1953),1,0,154,29,320,240,1.33
FpgMRU6yzwE,4357,How to Marry a Millionaire (1953),1,0,144,29,640,480,1.33
fJgC549mpRk,4359,"Seven Year Itch, The (1955)",1,0,141,29,848,480,1.77
d1KQAHPsAdY,4360,There's No Business Like Show Business (1954),1,0,264,29,320,240,1.33
pcSQxb-3QAY,4361,Tootsie (1982),1,0,105,23,1920,1080,1.78
cnNBqNb3taw,4367,Lara Croft: Tomb Raider (2001),1,0,138,23,640,360,1.78
_19pRsZRiz4,4370,A.I. Artificial Intelligence (2001),1,0,69,25,1920,1080,1.78
NuUiO85Xva0,4372,Crazy/Beautiful (2001),1,0,120,23,1280,720,1.78
N-Ofhz9LUr0,4378,Sexy Beast (2000),1,0,156,23,1920,1080,1.78
KxdKBPGp0h4,4380,"Princess and the Warrior, The (Krieger und die Kaiserin, Der) (2000)",1,0,115,15,320,240,1.33
IHyMHzrBN84,4381,"Closet, The (Placard, Le) (2001)",1,0,84,29,640,480,1.33
PQ5RCk1iCY8,4386,Cats & Dogs (2001),1,0,64,29,854,480,1.78
r0niCjov11A,4387,Kiss of the Dragon (2001),1,0,107,23,1280,720,1.78
wsHCoKGxjLk,4388,Scary Movie 2 (2001),1,0,97,23,1920,1080,1.78
Ef-cIAuraCM,4389,Lost and Delirious (2001),1,0,107,29,320,240,1.33
4ma2Bt8c1Kc,4391,"Vertical Ray of the Sun, The (Mua he chieu thang dung) (2000)",1,0,103,29,640,480,1.33
oFOsWXU06c8,4392,Alice (1990),1,0,43,29,360,240,1.5
M0A_PaPfiXE,4396,"Cannonball Run, The (1981)",1,0,29,29,482,360,1.34
-vT8_gg7VU8,4397,Cannonball Run II (1984),1,0,85,29,720,480,1.5
fxCDQVh89bE,4401,Donovan's Reef (1963),1,0,159,25,624,360,1.73
ylZDkRB_zcs,4404,Faust (1926),1,0,168,25,640,480,1.33
d7rPS1TQ67I,4405,"Last Laugh, The (Letzte Mann, Der) (1924)",1,0,203,25,480,360,1.33
EVXuo2WiU_I,4406,"Man Who Shot Liberty Valance, The (1962)",1,0,61,30,320,240,1.33
5e3na-7QZtA,4407,Salvador (1986),1,0,122,29,480,360,1.33
KDkbdH8zwDE,4409,Shadows and Fog (1991),1,0,75,30,360,240,1.5
Iwk8UknI70Q,4410,Something Wild (1986),1,0,208,23,1920,1080,1.78
rMuSaqYofOE,4411,Sons of Katie Elder (1965),1,0,55,29,640,480,1.33
4clwgHEOYMo,4414,X: The Man with the X-Ray Eyes (1963),1,0,146,30,640,348,1.84
6SbNEZnf_Ck,4415,Cheech & Chong's Nice Dreams (1981),1,0,59,29,482,360,1.34
LTlTS4yFjNo,4417,"House by the Cemetery, The (Quella villa accanto al cimitero) (1981)",1,0,139,29,1440,1080,1.33
f2mQJi3oQ_g,4420,"Barefoot Contessa, The (1954)",1,0,111,23,638,480,1.33
PiUJ2b8pjc8,4422,Cries and Whispers (Viskningar och rop) (1972),1,0,86,23,1920,1080,1.78
vrxXlYuv3Qs,4424,"Garden of the Finzi-Continis, The (Giardino dei Finzi-Contini, Il) (1970)",1,0,81,23,546,360,1.52
qCuhR_SyH8k,4426,Kiss Me Deadly (1955),1,0,132,29,480,360,1.33
5cVwBjwRGgg,4427,"Lion in Winter, The (1968)",1,0,195,29,640,480,1.33
gBbPlyHxj8c,4432,Sweet Smell of Success (1957),1,0,204,23,1920,1080,1.78
862Yc-cwQEY,4433,Written on the Wind (1956),1,0,165,24,320,240,1.33
uWeT0ja7Icw,4438,"Fist of Fury (Chinese Connection, The) (Jing wu men) (1972)",1,0,279,29,600,480,1.25
PZK82rc0WBk,4440,"Big Boss, The (Fists of Fury) (Tang shan da xiong) (1971)",1,0,217,29,854,366,2.33
K6Ic_4m6tYE,4441,Game of Death (1978),1,0,148,29,320,240,1.33
Z7Crt4S1IZM,4442,"Last Dragon, The (1985)",1,0,87,24,1920,1080,1.78
vzIo-KuGX2M,4443,Outland (1981),1,0,27,29,482,360,1.34
GnE64DbnUzY,4446,Final Fantasy: The Spirits Within (2001),1,0,124,23,640,356,1.8
ZGYRXqhGVao,4447,Legally Blonde (2001),1,0,154,25,1920,1080,1.78
-h5UgLvoaok,4448,"Score, The (2001)",1,0,149,23,1920,824,2.33
uKSIMkKIEek,4450,Bully (2001),1,0,118,23,640,480,1.33
q9ndinF7F4o,4451,Jump Tomorrow (2001),1,0,136,29,640,360,1.78
jMl_uE9rRuc,4452,Made (2001),1,0,100,14,320,240,1.33
A9MHwIN_07E,4454,More (1998),1,0,179,29,640,480,1.33
5eggy0MYuDo,4458,Africa: The Serengeti (1994),1,0,99,25,640,480,1.33
Qyt0Ez2ETzg,4459,Alaska: Spirit of the Wild (1997),1,0,103,24,1280,720,1.78
bQPonAjdU8g,4464,"Accidental Tourist, The (1988)",1,0,85,23,480,360,1.33
zDujtATPuBk,4465,"Accused, The (1988)",1,0,122,23,854,480,1.78
oiQi0WvS6Sc,4466,Above the Law (1988),1,0,83,29,640,360,1.78
vuqBKiKycbA,4467,"Adventures of Baron Munchausen, The (1988)",1,0,108,29,320,240,1.33
vyvdU3zggPo,4469,Appointment with Death (1988),1,0,107,25,1280,720,1.78
S9j4GzzGKiI,4471,Arthur 2: On the Rocks (1988),1,0,87,29,854,480,1.78
065ygnrssgw,4473,Bat*21 (1988),1,0,141,29,640,480,1.33
G59ivoXtmW4,4474,Beaches (1988),1,0,147,30,640,480,1.33
PxS3CL-IewY,4475,"Beast of War, The (Beast, The) (1988)",1,0,92,25,640,480,1.33
9fk8FRzsQkg,4477,Big Top Pee-Wee (1988),1,0,88,23,654,480,1.36
SmHnaWoP02U,4478,Biloxi Blues (1988),1,0,86,30,478,360,1.33
fS0M-GjgEi8,4479,Bird (1988),1,0,108,23,294,240,1.23
On3UO5VG5OY,4480,"Blob, The (1988)",1,0,82,15,320,240,1.33
zmeTsRQ6STE,4482,"Bright Lights, Big City (1988)",1,0,85,25,854,480,1.78
gu_PiJcVtCk,4486,Clean and Sober (1988),1,0,82,29,1280,720,1.78
9L2sog6VEdw,4487,Cocktail (1988),1,0,131,25,600,480,1.25
TEauBVUJKhA,4488,Colors (1988),1,0,110,24,320,172,1.86
fqfJqLFQSIk,4489,Coming to America (1988),1,0,153,25,640,480,1.33
9yxeoyC4tn0,4490,"Couch Trip, The (1988)",1,0,100,23,638,480,1.33
Ikgg1CMVxBc,4491,Criminal Law (1988),1,0,60,15,240,176,1.36
EZZalVKauEM,4495,Crossing Delancey (1988),1,0,71,29,854,480,1.78
zkhbVjiPTv0,4498,"Dead Pool, The (1988)",1,0,30,29,640,480,1.33
lSC2U2yYESw,4499,Dirty Rotten Scoundrels (1988),1,0,116,29,720,480,1.5
oTLfuOQRiEI,4500,Drowning by Numbers (1988),1,0,171,24,1280,720,1.78
JfyHk0sbFn4,4502,Ernest Saves Christmas (1988),1,0,89,23,480,360,1.33
cX8XMavabiU,4503,Everybody's All-American (1988),1,0,85,29,640,360,1.78
teHNaI8houQ,4508,Gorillas in the Mist (1988),1,0,118,25,852,480,1.77
exSDWJ9S2_k,4511,High Spirits (1988),1,0,29,29,640,480,1.33
cAniQ0cPRBM,4516,Johnny Be Good (1988),1,0,91,29,720,480,1.5
zZA41HbwPLs,4519,"Land Before Time, The (1988)",1,0,128,25,320,240,1.33
a4KJtDxTqWQ,4520,License to Drive (1988),1,0,141,23,636,480,1.32
jWsrjotWzEc,4521,Little Nikita (1988),1,0,84,30,470,360,1.31
l4RpoT-Lps8,4522,Masquerade (1988),1,0,92,24,364,240,1.52
uuaKVk4hNAY,4523,Milagro Beanfield War (1988),1,0,87,23,476,360,1.32
a123Dpj6Tq8,4524,Moon Over Parador (1988),1,0,107,29,320,240,1.33
qfX8yIgpgaI,4526,My Stepmother Is an Alien (1988),1,0,84,15,320,240,1.33
nsl3lNY1sJc,4527,"Night in the Life of Jimmy Reardon, A (1988)",1,0,78,15,320,240,1.33
57JBJq4fAKo,4528,Off Limits (1988),1,0,111,23,720,480,1.5
et3JU_5DY0c,4529,Bagdad Cafe (Out of Rosenheim) (1987),1,0,105,23,640,348,1.84
h-q2o-qO0vY,4531,Red Heat (1988),1,0,130,29,640,480,1.33
jwPSfShiIA4,4532,Return of the Living Dead Part II (1988),1,0,30,29,640,480,1.33
GkhCAV3wmIU,4533,"Return of the Living Dead, The (1985)",1,0,162,23,640,356,1.8
08rdCBgP-GY,4535,"Man from Snowy River, The (1982)",1,0,155,25,1280,720,1.78
4unjPqgrugw,4539,Salsa (1988),1,0,598,25,640,480,1.33
YLSkajKIRYw,4543,Shoot to Kill (1988),1,0,30,29,480,360,1.33
_hwGbs69kX0,4546,"Vanishing, The (Spoorloos) (1988)",1,0,109,23,1920,1080,1.78
UmAioMISJec,4550,Switching Channels (1988),1,0,30,30,320,240,1.33
uROMTzJsfOI,4552,"Tetsuo, the Ironman (Tetsuo) (1988)",1,0,179,25,240,240,1.0
iJC4R1uXDaE,4553,They Live (1988),1,0,108,29,720,480,1.5
ty93RYkzYQQ,4557,Tucker: The Man and His Dream (1988),1,0,143,23,640,360,1.78
eRdcL2qKt6k,4558,Twins (1988),1,0,83,25,624,360,1.73
nR_WJ-SjctM,4559,Vice Versa (1988),1,0,87,15,320,240,1.33
yQ4FlHowFOc,4561,Waxwork (1988),1,0,120,25,640,480,1.33
dEL_BT_Z6Yg,4563,Young Einstein (1988),1,0,83,25,854,480,1.78
El19vLqML1s,4564,Always (1989),1,0,202,29,480,360,1.33
YPylYYIanQg,4565,American Ninja (1985),1,0,105,25,320,240,1.33
-ilaJquzaQc,4566,American Ninja 2: The Confrontation (1987),1,0,99,23,640,480,1.33
30Wp3YQNc2Q,4567,American Ninja 3: Blood Hunt (1989),1,0,93,30,320,240,1.33
kRWygxReD_w,4568,Best of the Best (1989),1,0,134,23,720,480,1.5
6o8beO6gdwk,4569,Best of the Best 2 (1993),1,0,117,29,854,470,1.82
sFy17auuK08,4571,Bill & Ted's Excellent Adventure (1989),1,0,106,23,1920,1080,1.78
h43kW_96xTU,4572,Black Rain (1989),1,0,145,23,1920,824,2.33
0N-8LPlQQsc,4578,Chances Are (1989),1,0,78,15,480,360,1.33
CBzIXPVt1bY,4584,Dream a Little Dream (1989),1,0,106,23,640,480,1.33
ZFeyf3NwHPc,4585,"Dream Team, The (1989)",1,0,112,25,320,240,1.33
1nXj8RkP7xQ,4589,Eddie and the Cruisers (1983),1,0,129,29,840,480,1.75
vcrpoa_jv1w,4590,Enemies: A Love Story (1989),1,0,163,29,640,480,1.33
ZmGPT15M8Cg,4592,"Experts, The (1989)",1,0,91,23,640,480,1.33
ZOClUMq4Oho,4593,Family Business (1989),1,0,60,29,322,240,1.34
MBqw-PyvMuA,4600,Gross Anatomy (a.k.a. A Cut Above) (1989),1,0,66,23,640,480,1.33
OpfQ_6iL1rg,4605,How to Get Ahead in Advertising (1989),1,0,111,23,1280,720,1.78
OFBM5iJbnrM,4606,Immediate Family (1989),1,0,108,23,720,480,1.5
DIE4huOayFg,4608,"Innocent Man, An (1989)",1,0,106,23,1920,1036,1.85
94vGcOc8blo,4610,"January Man, The (1989)",1,0,85,23,720,480,1.5
e1vPYM1d3wo,4614,Kickboxer (1989),1,0,124,29,640,480,1.33
tYZxzZ-25wo,4615,Last Exit to Brooklyn (1989),1,0,98,23,324,240,1.35
evA9nkdOhKU,4616,Lean on Me (1989),1,0,96,23,360,240,1.5
NSV9X415QBw,4617,Let It Ride (1989),1,0,85,23,1920,1080,1.78
7O39piOYuno,4618,Leviathan (1989),1,0,109,29,640,348,1.84
nquLT-r4eyU,4619,Little Monsters (1989),1,0,51,23,628,480,1.31
3WL36Bmvu4A,4622,Loverboy (1989),1,0,91,15,482,360,1.34
K_ILz9bC-VU,4623,Major League (1989),1,0,132,29,480,360,1.33
afzrKqO8kDA,4624,Meet the Feebles (1989),1,0,148,29,640,480,1.33
xWFoGrrYX6E,4626,Miracle Mile (1989),1,0,133,29,320,240,1.33
J_0MEABvCKE,4627,Miss Firecracker (1989),1,0,201,23,640,338,1.89
r0MtQ1s_A_4,4628,New York Stories (1989),1,0,110,23,1920,1036,1.85
hHWC5Kvl3-c,4629,Next of Kin (1989),1,0,87,29,720,480,1.5
MX5nUmkY-eg,4632,"Package, The (1989)",1,0,132,29,480,360,1.33
WvcieGlrp68,4636,"Punisher, The (1989)",1,0,93,25,656,480,1.37
pa7JMGWOnp8,4640,Brother (2000),1,0,98,30,320,172,1.86
4p9mPhGo1j0,4642,Hedwig and the Angry Inch (2000),1,0,147,29,854,460,1.86
RByrRpURS5s,4649,Wet Hot American Summer (2001),1,0,112,29,640,350,1.83
9TEgO4wjINE,4654,Road House (1989),1,0,130,29,640,480,1.33
8G27jc6l_Zk,4655,Romero (1989),1,0,240,23,618,480,1.29
7MRsq_iApng,4659,Scandal (1989),1,0,56,30,320,240,1.33
8DQJIoyqn7w,4661,Sea of Love (1989),1,0,94,25,640,480,1.33
3iNo_nRsAfE,4663,She's Out of Control (1989),1,0,85,20,320,240,1.33
G_7MJQnk4M8,4664,Shirley Valentine (1989),1,0,161,25,430,360,1.19
TBTMP1s32E0,4666,Skin Deep (1989),1,0,143,29,854,480,1.78
b_kQZd4-dIc,4667,Slaves of New York (1989),1,0,123,23,640,480,1.33
4wG1qSlmUvo,4674,Tap (1989),1,0,111,14,320,240,1.33
kAuGxAv6keY,4675,Three Fugitives (1989),1,0,109,25,640,480,1.33
gHc_eaKhKlo,4677,Turner & Hooch (1989),1,0,30,25,656,480,1.37
Iih5a2Zq_JU,4678,UHF (1989),1,0,85,23,854,462,1.85
1_lOyGcMIEU,4679,Uncle Buck (1989),1,0,30,12,478,360,1.33
PnoSxO_2ghQ,4680,Vampire's Kiss (1989),1,0,127,23,596,360,1.66
5ebv3i_9Ltc,4681,"War of the Roses, The (1989)",1,0,162,29,720,480,1.5
cTNcZn2KfDw,4682,Warlock (1989),1,0,113,23,648,480,1.35
ZlCADShkhjk,4686,Weekend at Bernie's II (1993),1,0,122,25,320,240,1.33
T7m4F5GlS5Q,4690,"Cotton Club, The (1984)",1,0,209,23,640,360,1.78
qLVpkrMaobw,4691,Def-Con 4 (1985),1,0,102,29,640,480,1.33
7xKz5iS7b0A,4692,"Hotel New Hampshire, The (1984)",1,0,77,23,640,346,1.85
DC84CY3I3l4,4696,"Zorro, the Gay Blade (1981)",1,0,98,14,320,240,1.33
4Jgc-aolx5M,4697,Basket Case (1982),1,0,63,25,1920,1080,1.78
oSYBDZEHB6s,4698,Orphans (1997),1,0,129,25,960,720,1.33
ETzeVY8IqDY,4699,Original Sin (2001),1,0,78,15,320,240,1.33
SCTzYY95Aw4,4701,Rush Hour 2 (2001),1,0,150,23,1280,720,1.78
dwoeV6qncpU,4703,Chocolat (1988),1,0,36,25,640,480,1.33
B0idoJnBAvk,4709,Paint Your Wagon (1969),1,0,66,29,854,368,2.32
yZs9Btf2ADw,4710,"Shootist, The (1976)",1,0,85,29,640,480,1.33
fAOpVAHwLic,4711,Theremin: An Electronic Odyssey (1993),1,0,63,15,362,240,1.51
67lYG7a4YOA,4713,Altered States (1980),1,0,116,30,320,240,1.33
ZHto8p6qIDg,4714,Any Which Way You Can (1980),1,0,29,29,640,480,1.33
X8DdhRcUjpc,4717,"Battle Creek Brawl (Big Brawl, The) (1980)",1,0,163,23,1920,1080,1.78
ntxIBzJ0tU8,4718,American Pie 2 (2001),1,0,179,23,1280,720,1.78
9Hf-3pPkRwY,4719,Osmosis Jones (2001),1,0,71,29,426,178,2.39
vd-Ed4HB0-I,4721,American Outlaws (2001),1,0,125,23,1280,720,1.78
z3l8ICKoJeI,4722,All Over the Guy (2001),1,0,143,30,320,240,1.33
1BgxNWvx36c,4723,"Deep End, The (2001)",1,0,138,12,320,240,1.33
LsxkRNvEbhM,4725,Session 9 (2001),1,0,110,12,320,172,1.86
M3lLNzTSRPo,4727,Captain Corelli's Mandolin (2001),1,0,546,24,1280,720,1.78
qCgy9dZR9LA,4731,Innocence (2000),1,0,146,29,640,480,1.33
NJ7a9lMSwL8,4732,Bubble Boy (2001),1,0,118,12,320,188,1.7
DhDTgPfMINo,4733,"Curse of the Jade Scorpion, The (2001)",1,0,140,25,480,360,1.33
HjDSFna_LXQ,4734,Jay and Silent Bob Strike Back (2001),1,0,170,23,1280,720,1.78
dub5wacnpDU,4736,Summer Catch (2001),1,0,155,23,1280,720,1.78
zSjL3pJP4Wg,4737,"American Rhapsody, An (2001)",1,0,175,23,1280,720,1.78
Ew0ALiiBmlg,4738,Happy Accidents (2000),1,0,148,14,480,360,1.33
tD7Wv1q-S18,4741,Together (Tillsammans) (2000),1,0,69,29,426,238,1.79
wWYj8gVdgZU,4743,Tortilla Soup (2001),1,0,114,24,426,230,1.85
akFUWf5xe6k,4744,Jeepers Creepers (2001),1,0,112,23,640,344,1.86
Bz1NIOjkJi0,4745,O (2001),1,0,150,15,480,360,1.33
jF_9prQFtik,4748,3 Ninjas (1992),1,0,30,29,640,480,1.33
3jQMMcfJ0Xw,4749,3 Ninjas Kick Back (1994),1,0,30,29,640,480,1.33
QrYyhTUCNaM,4751,"Hunter, The (1980)",1,0,18,29,482,360,1.34
wIPSUXvEoX8,4752,Maniac (1980),1,0,82,23,1920,1080,1.78
QZWvF1uQzDM,4753,Vamp (1986),1,0,83,25,640,480,1.33
5FdV-O8o7ok,4754,"Wicker Man, The (1973)",1,0,128,25,854,480,1.78
gFnSmS-SUXQ,4756,"Musketeer, The (2001)",1,0,120,29,1920,1080,1.78
ZpSUqTJ7X6g,4757,Rock Star (2001),1,0,141,23,1920,1080,1.78
FO7bAqsJnKc,4766,"Our Lady of the Assassins (Virgen de los sicarios, La) (2000)",1,0,121,23,620,360,1.72
C4LlULnltgg,4767,Abbott and Costello Meet the Mummy (1955),1,0,171,23,1920,1080,1.78
mQqiwIgTUHA,4768,"Dr. Mabuse: The Gambler (Dr. Mabuse, der Spieler) (1922)",1,0,169,25,640,480,1.33
J6asjV9r41s,4769,Into the Arms of Strangers: Stories of the Kindertransport (2000),1,0,129,29,854,480,1.78
H5PR6LTfWmk,4770,"Glass House, The (2001)",1,0,39,23,1920,1080,1.78
63OFSv2LGlU,4771,Hardball (2001),1,0,179,23,640,360,1.78
NqBJRojUUMo,4772,Dinner Rush (2000),1,0,30,24,192,144,1.33
OIR0vakVs3Q,4774,Big Trouble (2002),1,0,110,30,320,240,1.33
QaKxGrajnzY,4775,Glitter (2001),1,0,131,29,720,480,1.5
gKTVQPOH8ZA,4776,Training Day (2001),1,0,144,23,1280,720,1.78
FHVpgT0UuDg,4782,Sidewalks of New York (2001),1,0,142,29,426,228,1.87
2QrNlbcz7XE,4783,"Endurance: Shackleton's Legendary Antarctic Expedition, The (2000)",1,0,101,29,320,240,1.33
5AAmgz-kVIg,4784,"French Lieutenant's Woman, The (1981)",1,0,139,23,1920,1080,1.78
hVb_7Eihd28,4787,Little Man Tate (1991),1,0,97,25,320,240,1.33
2n5qVJEg3qA,4789,Phantom of the Paradise (1974),1,0,130,25,622,480,1.3
KIRHjiBCut4,4796,"Grass Is Greener, The (1960)",1,0,157,23,1920,824,2.33
USltTQ_WHRY,4798,Indiscreet (1958),1,0,90,23,1280,720,1.78
Sla845GW9YM,4799,"It's a Mad, Mad, Mad, Mad World (1963)",1,0,198,25,854,334,2.56
Ikz3El7B8b0,4800,King Solomon's Mines (1937),1,0,4821,30,480,360,1.33
d_Lfa4jyTCI,4801,"Little Foxes, The (1941)",1,0,81,23,658,480,1.37
XyTWmH27oAs,4802,Operation Petticoat (1959),1,0,139,29,480,360,1.33
cYChiC6V5ek,4804,Pocketful of Miracles (1961),1,0,63,23,720,480,1.5
Bi3Fid3hrNg,4806,"Shop on Main Street, The (Obchod na korze) (1965)",1,0,209,12,320,240,1.33
iNyrSR5JGh8,4809,Silkwood (1983),1,0,135,23,472,360,1.31
2YqB9CA1wew,4811,Quadrophenia (1979),1,0,116,25,640,480,1.33
BYCJAkeD33o,4812,SpaceCamp (1986),1,0,51,25,640,480,1.33
FV-eFMgSOAw,4814,Don't Say a Word (2001),1,0,140,15,320,174,1.84
Jil8JtRXWy4,4822,Max Keeble's Big Move (2001),1,0,127,23,854,462,1.85
ePU2Ux9JIMM,4823,Serendipity (2001),1,0,173,23,1280,720,1.78
vYqyh27tOY0,4833,"Changeling, The (1980)",1,0,181,23,1920,1080,1.78
dxLqlmO9hyY,4834,Cheech & Chong's Next Movie (1980),1,0,29,29,640,480,1.33
Pivm4oMEDRs,4835,Coal Miner's Daughter (1980),1,0,28,23,720,480,1.5
xRo17th3osE,4836,"Competition, The (1980)",1,0,30,29,640,480,1.33
bn31G2SHkVE,4837,Cruising (1980),1,0,228,23,1280,720,1.78
0N2BfFD1QTo,4840,"Last Metro, The (Dernier métro, Le) (1980)",1,0,163,23,640,350,1.83
A9kCb0E4O3g,4844,Bandits (2001),1,0,145,23,640,272,2.35
jj-MbKZliwo,4846,Iron Monkey (Siu nin Wong Fei-hung ji: Tit Ma Lau) (1993),1,0,116,25,280,144,1.94
Qxz095PFpN4,4848,Mulholland Drive (2001),1,0,67,23,1920,1080,1.78
1oRTFqfy-gc,4851,Things Behind the Sun (2001),1,0,83,15,320,240,1.33
RhSSgWmfFk0,4854,Clambake (1967),1,0,143,25,640,480,1.33
K6Vi1VurN9s,4855,Dirty Harry (1971),1,0,206,29,720,480,1.5
yYmOYzxcCE4,4857,Fiddler on the Roof (1971),1,0,29,29,640,480,1.33
0TSmbayUJCo,4862,Not Without My Daughter (1991),1,0,158,23,854,462,1.85
jlNnzoOiFq8,4863,Female Trouble (1975),1,0,130,29,640,266,2.41
yw8US3gS37w,4865,From Hell (2001),1,0,140,24,426,230,1.85
MHGJk2dMfa8,4866,"Last Castle, The (2001)",1,0,143,25,1280,720,1.78
4ZtIe3fzL8s,4867,Riding in Cars with Boys (2001),1,0,149,24,426,230,1.85
uecHd_qW1es,4873,Waking Life (2001),1,0,117,30,640,480,1.33
YV5s07zI-Bg,4874,K-PAX (2001),1,0,146,24,424,240,1.77
AWwo1ldSzBU,4875,On the Line (2001),1,0,174,25,320,240,1.33
hS6EyJQA53Y,4876,Thirteen Ghosts (a.k.a. Thir13en Ghosts) (2001),1,0,82,29,1920,1038,1.85
vijy4Oiawa8,4878,Donnie Darko (2001),1,0,150,24,1920,1080,1.78
QlAXZclowmI,4880,Life as a House (2001),1,0,137,29,720,480,1.5
htxvLcSnOU0,4881,"Man Who Wasn't There, The (2001)",1,0,89,25,640,310,2.06
NZo72VgUAik,4885,Domestic Disturbance (2001),1,0,145,23,632,360,1.76
Ue_SfrHHBAc,4886,"Monsters, Inc. (2001)",1,0,115,23,1280,720,1.78
R0TDvYBW41U,4888,Tape (2001),1,0,122,24,480,360,1.33
nhQ6gS0fm9s,4889,Heist (2001),1,0,136,24,1920,1080,1.78
ZZWvgEOoV3U,4890,Shallow Hal (2001),1,0,154,23,1280,720,1.78
jFZfWhql4nc,4893,When a Stranger Calls (1979),1,0,26,25,640,480,1.33
_VevsXAsdnY,4895,"Wash, The (2001)",1,0,140,14,320,240,1.33
qPvlb6eXzMA,4896,Harry Potter and the Sorcerer's Stone (a.k.a. Harry Potter and the Philosopher's Stone) (2001),1,0,110,29,1080,720,1.5
xEKZyITGsJQ,4898,Novocaine (2001),1,0,105,15,320,240,1.33
lw7dzS8UJ4Q,4899,Black Knight (2001),1,0,134,15,320,240,1.33
M1f0c3utHGI,4901,Spy Game (2001),1,0,149,23,640,344,1.86
SlsqgaYYLLs,4911,Jabberwocky (1977),1,0,86,25,460,360,1.28
on05wXFP5hs,4912,Funny Girl (1968),1,0,103,29,854,480,1.78
WCDEAu4R8hA,4914,Breathless (À bout de souffle) (1960),1,0,115,25,480,360,1.33
ceHcqZoO0AU,4915,"Beastmaster, The (1982)",1,0,129,29,480,360,1.33
t861z2ww0-Q,4920,"Now, Voyager (1942)",1,0,134,29,640,480,1.33
Oqwqt0UCu2c,4921,Little Women (1933),1,0,181,15,480,360,1.33
3IaWMVI0aig,4923,Guadalcanal Diary (1943),1,0,124,29,640,480,1.33
hpa__UwuBts,4927,"Last Wave, The (1977)",1,0,160,29,640,480,1.33
3-6OUqQk-SM,4928,That Obscure Object of Desire (Cet obscur objet du désir) (1977),1,0,120,30,640,360,1.78
jyAo1F0ZpJo,4932,Dressed to Kill (1980),1,0,131,23,1920,1080,1.78
51g-cS7nYUY,4936,Fame (1980),1,0,166,25,320,240,1.33
SG_3tABvcp4,4941,Flash Gordon (1980),1,0,29,29,320,240,1.33
X5xneHDWa8c,4945,"Enforcer, The (1976)",1,0,152,23,1920,1080,1.78
ALtkgzVknHk,4947,"Gauntlet, The (1977)",1,0,156,29,720,480,1.5
ULX2ADlX38g,4948,I Bury the Living (1958),1,0,143,29,1920,1080,1.78
c2CsxlXx7y0,4949,Invasion U.S.A. (1985),1,0,29,29,640,480,1.33
a3hJQbJbHbs,4952,Morons From Outer Space (1985),1,0,193,29,1920,1080,1.78
D-ApgblbT0A,4954,Ocean's Eleven (a.k.a. Ocean's 11) (1960),1,0,190,15,422,182,2.32
uD62afoe2_w,4957,Sudden Impact (1983),1,0,82,23,640,252,2.54
PUeWBp_kmuo,4958,Behind Enemy Lines (2001),1,0,157,23,1920,1080,1.78
CGa5ZOqvjNQ,4961,Pornstar: The Legend of Ron Jeremy (2001),1,0,127,30,320,240,1.33
ImMGNQ2OEjo,4963,Ocean's Eleven (2001),1,0,97,29,1920,1080,1.78
T5UGItdsqUI,4964,Baran (2001),1,0,86,29,654,480,1.36
E9l6-x9o36w,4965,"Business of Strangers, The (2001)",1,0,172,14,480,360,1.33
mQ5MDXW7v5w,4969,And Then There Were None (1945),1,0,147,15,320,240,1.33
MjOxOAsnZbI,4970,"Blue Angel, The (Blaue Engel, Der) (1930)",1,0,60,25,320,240,1.33
6F2bZuUo2Z4,4971,Moscow on the Hudson (1984),1,0,125,23,644,480,1.34
vyic_OGOrHo,4972,"Owl and the Pussycat, The (1970)",1,0,116,29,496,360,1.38
HUECWi5pX7o,4973,"Amelie (Fabuleux destin d'Amélie Poulain, Le) (2001)",1,0,62,24,1920,1080,1.78
3Ex6c6X-cqw,4977,Kandahar (Safar e Ghandehar) (2001),1,0,216,25,320,168,1.9
ORI-Gx1UoAw,4978,Lantana (2001),1,0,146,30,640,480,1.33
aIeFo9zzdVg,4980,Bill & Ted's Bogus Journey (1991),1,0,120,29,720,480,1.5
z351Gqxiv8E,4987,Spacehunter: Adventures in the Forbidden Zone (1983),1,0,59,29,482,360,1.34
_QBmRr7h7Fw,4988,White Water Summer (1987),1,0,84,29,480,360,1.33
wN9MScUbMng,4989,How High (2001),1,0,138,12,320,180,1.78
V75dMMIW2B4,4993,"Lord of the Rings: The Fellowship of the Ring, The (2001)",1,0,175,23,1280,720,1.78
QHZldxzY1h0,4994,"Majestic, The (2001)",1,0,151,24,426,230,1.85
WFJgUm7iOKw,4995,"Beautiful Mind, A (2001)",1,0,139,23,1920,1080,1.78
fBrw8dmgarM,4998,"Defiant Ones, The (1958)",1,0,140,23,658,480,1.37
zrMuDl7vaTI,4999,Dodsworth (1936),1,0,125,23,496,360,1.38
A4xCcPHPjps,5000,Medium Cool (1969),1,0,92,23,1920,1080,1.78
zuTCN-o6o2A,5002,Fritz the Cat (1972),1,0,141,29,426,240,1.77
r9VZZFm8ndQ,5003,"Nine Lives of Fritz the Cat, The (1974)",1,0,153,29,320,240,1.33
SU9s8L7Sewg,5004,"Party, The (1968)",1,0,118,23,640,274,2.34
wmwDKFfoJjs,5008,Witness for the Prosecution (1957),1,0,100,25,656,480,1.37
71HpLz-smn0,5009,Ali (2001),1,0,176,25,320,240,1.33
5Y1ju8QwpQM,5010,Black Hawk Down (2001),1,0,169,29,1280,720,1.78
x49LvNwSUfQ,5012,Yentl (1983),1,0,96,29,640,480,1.33
z_AguDqCBvo,5014,I Am Sam (2001),1,0,143,29,640,360,1.78
IaTU6U10p5s,5015,Monster's Ball (2001),1,0,77,23,1920,816,2.35
8x1z8IK-L0U,5016,"Shipping News, The (2001)",1,0,158,24,480,360,1.33
9nngtpTIx8Y,5017,"Big Heat, The (1953)",1,0,218,29,640,480,1.33
mXn8CsQU1-U,5021,Murder by Death (1976),1,0,190,29,632,480,1.32
cRz9axkehgU,5022,"Servant, The (1963)",1,0,175,30,426,238,1.79
SZL7L26F66Q,5023,"Waterdance, The (1992)",1,0,119,29,360,240,1.5
DigaxGStjC8,5025,Orange County (2002),1,0,142,23,612,360,1.7
bSjvrlDxlaQ,5026,"Brotherhood of the Wolf (Pacte des loups, Le) (2001)",1,0,101,24,424,240,1.77
8Ah92MnooKU,5033,"Russia House, The (1990)",1,0,109,29,480,360,1.33
a_ZDqIvrW1w,5034,"Truly, Madly, Deeply (1991)",1,0,106,25,640,480,1.33
vn9xV6_yyG0,5038,"Flight of Dragons, The (1982)",1,0,147,29,720,480,1.5
08atfniuiUs,5039,Dragonslayer (1981),1,0,203,23,1920,1080,1.78
Sz-yLWGaIxM,5041,Fire and Ice (1983),1,0,73,29,320,180,1.78
DDOCHy_BLEc,5043,"Formula, The (1980)",1,0,29,29,640,480,1.33
Vh6xFG7l8ss,5046,Impostor (2002),1,0,61,23,1920,1080,1.78
24XiqMIC6q8,5049,48 Hrs. (1982),1,0,186,23,640,344,1.86
NNiZP2G-nEM,5054,Brainstorm (1983),1,0,199,25,640,480,1.33
gceI4ery1N4,5055,Dragon: The Bruce Lee Story (1993),1,0,113,30,320,240,1.33
tzxreLUzuUI,5056,"Enigma of Kaspar Hauser, The (a.k.a. Mystery of Kaspar Hauser, The) (Jeder für sich und Gott Gegen Alle) (1974)",1,0,183,24,1920,1080,1.78
EMbP1jrGCQA,5057,4 for Texas (1963),1,0,225,23,1280,720,1.78
edxvznzklCA,5059,Little Dieter Needs to Fly (1997),1,0,117,24,1920,1080,1.78
Q8NH2_FU3gY,5060,M*A*S*H (a.k.a. MASH) (1970),1,0,286,23,854,480,1.78
iWPWsD-kPm0,5061,Mrs. Soffel (1984),1,0,142,23,854,480,1.78
wHHhJ96646M,5062,Seconds (1966),1,0,64,29,320,240,1.33
m5zLqS9Abo0,5063,One-Eyed Jacks (1961),1,0,282,15,320,240,1.33
gzRSVl8UewM,5064,The Count of Monte Cristo (2002),1,0,128,23,852,480,1.77
bXcpwJbXT7o,5065,"Mothman Prophecies, The (2002)",1,0,157,25,854,480,1.78
k3B2XBcp7vA,5066,"Walk to Remember, A (2002)",1,0,80,23,1280,720,1.78
eBhEn93jdM8,5069,Escaflowne: The Movie (Escaflowne) (2000),1,0,93,29,320,240,1.33
9WZQ5641lFs,5073,"Son's Room, The (Stanza del figlio, La) (2001)",1,0,150,25,854,480,1.78
cS9-HeIUa-M,5076,"Adventures of Huck Finn, The (1993)",1,0,104,29,632,480,1.32
uFWG0iR3DYc,5079,Young at Heart (1954),1,0,144,24,1280,720,1.78
Wlxkqa66dXA,5083,Rare Birds (2001),1,0,86,15,320,240,1.33
utdZI7uEHUo,5085,Carmen Jones (1954),1,0,167,23,854,342,2.5
S94qNUP7guU,5092,Big Fat Liar (2002),1,0,31,29,640,480,1.33
YywOMlbqLPo,5093,Collateral Damage (2002),1,0,73,25,640,360,1.78
DE-a7WYJShE,5094,Rollerball (2002),1,0,142,23,1920,818,2.35
hiF-ftELdv0,5095,"Scotland, Pa. (2001)",1,0,55,14,480,360,1.33
pzow5wUp7hY,5096,Baby's Day Out (1994),1,0,158,30,312,238,1.31
Qp7IYZzPSko,5105,Don't Look Now (1973),1,0,79,23,1920,1080,1.78
vb398BOlv0Q,5106,Crossroads (2002),1,0,145,23,640,360,1.78
yOBPV_r4_hs,5107,Hart's War (2002),1,0,141,23,1280,550,2.33
w-0_tN6O-5k,5108,John Q (2002),1,0,134,25,1280,720,1.78
6z8XLYbzOkY,5109,Return to Never Land (2002),1,0,151,29,1920,1080,1.78
v4AE-ZoZarc,5110,Super Troopers (2001),1,0,121,29,854,470,1.82
pP4P-VgcM4s,5111,"Good Son, The (1993)",1,0,136,29,640,480,1.33
T4mG-4HBn1w,5114,"Bad and the Beautiful, The (1952)",1,0,164,25,854,480,1.78
w5H3Z-lTtCs,5117,Funny Lady (1975),1,0,138,30,640,272,2.35
P9Ms04cAkws,5119,Saturday Night and Sunday Morning (1960),1,0,144,30,640,360,1.78
XBRMaieaLdU,5120,Sleuth (1972),1,0,121,15,320,240,1.33
l_86PDoqvoI,5122,Summer of '42 (1971),1,0,178,29,640,480,1.33
_fglzCnPlec,5127,Dragonfly (2002),1,0,151,24,424,240,1.77
ez1HOdMNoyw,5128,Queen of the Damned (2002),1,0,30,29,640,480,1.33
NNXrZCPU5uc,5134,Mean Machine (2001),1,0,48,25,320,180,1.78
AIY22dv3Xok,5135,Monsoon Wedding (2001),1,0,84,29,640,346,1.85
G_u7s8NDz9o,5137,Scratch (2001),1,0,137,24,480,360,1.33
xrULisYzCpw,5139,"Bad News Bears, The (1976)",1,0,210,23,1920,1080,1.78
LlL4AkStIcY,5146,Vampire Hunter D: Bloodlust (Banpaia hantâ D) (2000),1,0,151,29,1440,1080,1.33
fs_j7y_QyM8,5147,Wild Strawberries (Smultronstället) (1957),1,0,215,30,320,240,1.33
oMDXmDOyWE8,5151,40 Days and 40 Nights (2002),1,0,96,23,1920,1080,1.78
VfGSCaSmKTM,5152,We Were Soldiers (2002),1,0,177,23,426,238,1.79
x5ziYV4AvUs,5153,Trouble Every Day (2001),1,0,111,25,854,468,1.82
pBczHcahPOE,5159,Ferngully: The Last Rainforest (1992),1,0,92,29,854,480,1.78
jo9EJwkaPTQ,5161,Intersection (1994),1,0,111,23,640,480,1.33
pUhrFgs5knU,5164,"Troll in Central Park, A (1994)",1,0,120,29,640,480,1.33
2UYvhyzugtA,5165,Zombie (a.k.a. Zombie 2: The Dead Are Among Us) (Zombi 2) (1979),1,0,91,29,640,480,1.33
vApZ6LWuTc4,5168,Royal Wedding (1951),1,0,162,29,640,480,1.33
9Y1DkQr2EHU,5170,All About the Benjamins (2002),1,0,130,14,480,360,1.33
90T7iLuzFgg,5171,"Time Machine, The (2002)",1,0,144,23,854,470,1.82
mJxgrxl5BRM,5177,"Magnificent Ambersons, The (1942)",1,0,284,30,640,480,1.33
8NImDlin6hE,5179,Gloria (1980),1,0,29,29,640,480,1.33
eizQ9l9Qu0A,5180,"Great Rock 'n' Roll Swindle, The (1980)",1,0,248,29,320,240,1.33
l8Ra6TsdEts,5182,Hawk the Slayer (1980),1,0,134,30,322,240,1.34
5K3JF_JG1gY,5199,"Long Riders, The (1980)",1,0,151,23,640,358,1.79
nbHNFwfi2KU,5203,"Monster Club, The (1980)",1,0,142,29,640,350,1.83
k4AR3BgaCdA,5205,Motel Hell (1980),1,0,160,23,320,176,1.82
JlI0thZ1ZHs,5208,"Ninth Configuration, The (a.k.a. Twinkle, Twinkle, Killer Kane) (1980)",1,0,119,30,640,480,1.33
rEbM3tjV-3Y,5214,"Oh, God! (1977)",1,0,180,29,720,480,1.5
CZShn0PZiYU,5218,Ice Age (2002),1,0,142,24,426,230,1.85
Bkc9c7VXmn8,5219,Resident Evil (2002),1,0,140,25,1920,1080,1.78
NaPqnezhXT8,5222,Kissing Jessica Stein (2001),1,0,131,24,480,360,1.33
UbAf-3fWVKY,5223,Pauline & Paulette (Pauline en Paulette) (2001),1,0,85,25,1920,1080,1.78
9Ryzl0CE5fc,5224,Promises (2001),1,0,196,29,320,240,1.33
oxY_Dwymfew,5225,And Your Mother Too (Y tu mamá también) (2001),1,0,59,29,854,480,1.78
iOKk79bzSdM,5226,All the Right Moves (1983),1,0,171,29,1920,1080,1.78
xrRs5nmzGqg,5229,I Think I Do (1997),1,0,128,29,854,480,1.78
pV4d0aLVFKc,5231,Road to Morocco (1942),1,0,131,23,624,480,1.3
C31scz62yD0,5232,Road to Singapore (1940),1,0,158,23,1280,720,1.78
2wmQqUfgFbQ,5233,Road to Utopia (1946),1,0,132,23,490,360,1.36
Ob2DIURBXts,5237,Taps (1981),1,0,141,29,854,480,1.78
iu46PZHV5zU,5242,Serial (1980),1,0,29,29,640,480,1.33
MiYkE_7HV2w,5243,"Young Master, The (Shi di chu ma) (1980)",1,0,111,23,480,360,1.33
RdCUque5H2M,5246,Smokey and the Bandit II (1980),1,0,138,25,320,240,1.33
IzMpOvKxXdM,5247,Smokey and the Bandit (1977),1,0,161,23,474,360,1.32
Tu4Ht2opvqY,5248,Smokey and the Bandit III (1983),1,0,117,24,1280,720,1.78
9e6vetAZB1s,5250,Stir Crazy (1980),1,0,29,29,320,240,1.33
fcCQ7xk8zzM,5254,Blade II (2002),1,0,103,25,854,462,1.85
1EX1nLDlBJM,5255,Sorority Boys (2002),1,0,147,24,424,240,1.77
shVmpGH-YxA,5258,George Washington (2000),1,0,100,23,640,278,2.3
WuDCVKAoslY,5264,Clockstoppers (2002),1,0,141,23,720,404,1.78
A4kbKkimKBk,5265,Death to Smoochy (2002),1,0,114,14,320,240,1.33
ThhDTBbMc0M,5266,Panic Room (2002),1,0,141,25,1920,1080,1.78
oQOPF1P4S1g,5275,Boxcar Bertha (1972),1,0,166,23,1920,1080,1.78
3foJZxFaJWM,5276,Crimes of Passion (1984),1,0,108,29,640,322,1.99
F0c0NncC3sA,5278,Fraternity Vacation (1985),1,0,108,23,720,480,1.5
b4rUHTrewuY,5279,Impromptu (1991),1,0,109,23,360,240,1.5
1PYa7O79Bvw,5285,Lucky Break (2001),1,0,140,12,424,240,1.77
7cJRLGsmRLc,5291,Rashomon (Rashômon) (1950),1,0,254,29,1920,1080,1.78
vW67agGgWAM,5292,Slap Shot (1977),1,0,111,23,622,480,1.3
-1X_73QwPks,5293,Changing Lanes (2002),1,0,142,23,422,240,1.76
fGpWRA76jzo,5296,"Sweetest Thing, The (2002)",1,0,147,24,480,360,1.33
wGPO15FSepQ,5298,Human Nature (2001),1,0,130,12,480,360,1.33
O2mecmDFE-Q,5299,My Big Fat Greek Wedding (2002),1,0,158,23,1280,720,1.78
GUMHAvXG4zg,5300,3:10 to Yuma (1957),1,0,146,23,1920,1080,1.78
FY-DQUYZAy8,5301,Bite the Bullet (1975),1,0,48,29,320,240,1.33
JM_KpDmdF98,5304,"Rome, Open City (a.k.a. Open City) (Roma, città aperta) (1945)",1,0,77,24,1920,1080,1.78
2aIXhmygh3A,5305,Return of the Killer Tomatoes! (1988),1,0,134,25,480,360,1.33
WPxDbbHw6lw,5307,Taking Care of Business (1990),1,0,30,29,640,480,1.33
ki1tNXq9vIU,5308,Three Men and a Baby (1987),1,0,29,29,640,480,1.33
tzwQWUYtiUE,5309,Three Men and a Little Lady (1990),1,0,90,23,1920,1036,1.85
RDEAL9vbpM0,5312,Murder by Numbers (2002),1,0,127,29,640,480,1.33
5c_6HUA9FAY,5313,"Scorpion King, The (2002)",1,0,96,25,640,352,1.82
sUkHBxP7fcE,5315,Chelsea Walls (2001),1,0,119,12,480,360,1.33
5NrfiIpUd20,5316,Enigma (2001),1,0,145,29,640,266,2.41
M9Les56e22c,5319,Nine Queens (Nueve reinas) (2000),1,0,114,12,426,230,1.85
QCR8m8OrJrU,5323,Jason X (2002),1,0,34,29,640,480,1.33
C78BQFDq6hM,5325,Dogtown and Z-Boyz (2001),1,0,117,29,640,480,1.33
Wcg5m2a_Fr0,5333,Bob le Flambeur (1955),1,0,206,23,640,480,1.33
gVAhxOj5oUo,5339,Husbands and Wives (1992),1,0,30,25,320,240,1.33
lWJcJlF22bg,5341,Lenny (1974),1,0,266,23,1920,1080,1.78
zrnNbHRudWo,5342,Nomads (1986),1,0,123,23,1920,1080,1.78
gPVJR4F23oc,5343,"Temp, The (1993)",1,0,145,23,620,480,1.29
GX5C5eiCe20,5344,Thief of Hearts (1984),1,0,153,29,640,358,1.79
StwWLUzLbg8,5346,Wild Orchid (1990),1,0,119,25,640,356,1.8
KiZOSoDCZ_8,5352,The Big Sleep (1978),1,0,479,25,424,240,1.77
jTOT1UnY8eY,5354,Cactus Flower (1969),1,0,74,23,500,360,1.39
1qO_6MsAWXI,5357,Iron Will (1994),1,0,148,29,854,480,1.78
zdrYIRk3Hi0,5359,Rambling Rose (1991),1,0,139,23,364,240,1.52
NasAAMMfcQk,5360,"Survivors, The (1983)",1,0,30,29,482,360,1.34
XMm-o3GaU9g,5363,"New Guy, The (2002)",1,0,130,25,320,180,1.78
j-V12tL78Mc,5364,Unfaithful (2002),1,0,162,23,1920,1080,1.78
4kppCaZ4r2g,5365,"Lady and the Duke, The (Anglaise et le duc, L') (2001)",1,0,99,14,480,360,1.33
OBnb5lwqGYc,5367,My Beautiful Laundrette (1985),1,0,213,25,1280,630,2.03
ryfd16-0YPw,5372,Calamity Jane (1953),1,0,179,23,1920,1080,1.78
qXCS9LlBAV0,5373,"Cranes Are Flying, The (Letyat zhuravli) (1957)",1,0,184,25,320,240,1.33
OcH52XSiAsA,5375,"Harvey Girls, The (1946)",1,0,169,29,640,480,1.33
FzYVvwwNwUM,5377,About a Boy (2002),1,0,150,24,424,240,1.77
CO2OLQ2kiq8,5378,Star Wars: Episode II - Attack of the Clones (2002),1,0,150,29,1920,1080,1.78
psJbF8G6Zjw,5379,"Believer, The (2001)",1,0,132,24,426,234,1.82
ssBUir2LG-U,5380,"Importance of Being Earnest, The (2002)",1,0,137,12,480,360,1.33
pKEP4yQxvOA,5382,Every Which Way But Loose (1978),1,0,131,25,640,360,1.78
qQRQ8MXqS10,5383,"Hound of the Baskervilles, The (1959)",1,0,124,29,640,480,1.33
X_iQdDy3tr0,5384,I Want to Live! (1958),1,0,137,15,294,240,1.23
5rKlkR0B5aw,5385,"Last Waltz, The (1978)",1,0,164,25,854,480,1.78
kDBpzvxxhvk,5387,Enough (2002),1,0,139,25,320,240,1.33
H1Lm5Jieg5c,5391,Thirteen Conversations About One Thing (a.k.a. 13 Conversations) (2001),1,0,137,23,320,240,1.33
b-LdRzkWrDM,5395,"Gambler, The (1974)",1,0,76,23,854,480,1.78
SIoaMq1y48s,5398,Requiem for a Heavyweight (1962),1,0,140,29,854,480,1.78
HJIF9-6D52w,5400,"Sum of All Fears, The (2002)",1,0,143,25,640,480,1.33
lFn1SZj59x8,5401,Undercover Brother (2002),1,0,142,12,424,240,1.77
TckJBvl_uT0,5410,Silent Running (1972),1,0,177,23,320,240,1.33
-h8wWFqwmcA,5414,Bad Company (2002),1,0,139,23,854,462,1.85
TEgMH16DYN8,5415,Divine Secrets of the Ya-Ya Sisterhood (2002),1,0,90,29,1280,720,1.78
m_1qRpBF7KM,5416,Cherish (2002),1,0,117,29,854,462,1.85
2tqK_3mKQUw,5418,"Bourne Identity, The (2002)",1,0,122,29,1280,720,1.78
Bzz4EQ2NmpQ,5419,Scooby-Doo (2002),1,0,104,25,854,480,1.78
kWtJpUCxU4Y,5421,"Dangerous Lives of Altar Boys, The (2002)",1,0,139,30,640,480,1.33
SneBmH-v36A,5422,"Emperor's New Clothes, The (2001)",1,0,93,29,320,240,1.33
oF5LKRNVzOQ,5428,Cheech & Chong's The Corsican Brothers (1984),1,0,83,23,854,462,1.85
UyhSv4E8E0o,5433,Silver Bullet (Stephen King's Silver Bullet) (1985),1,0,26,29,640,480,1.33
SDLfDfr4GIU,5434,"Sorry, Wrong Number (1948)",1,0,162,23,484,360,1.34
YLpU47j-wZQ,5438,Men at Work (1990),1,0,30,29,640,480,1.33
2DHraWHABKg,5440,She Wore a Yellow Ribbon (1949),1,0,109,29,640,480,1.33
LITIyNwO_HA,5443,Juwanna Mann (2002),1,0,144,29,854,480,1.78
AbM84jGi20U,5444,Lilo & Stitch (2002),1,0,124,29,640,480,1.33
Lbnk8wSVMaM,5446,Rabbit-Proof Fence (2002),1,0,170,30,426,208,2.05
BkGaza1rPfQ,5448,Hey Arnold! The Movie (2002),1,0,162,23,1920,1080,1.78
FLNtwxIbQQM,5449,Mr. Deeds (2002),1,0,105,25,854,480,1.78
S-oJ1D5aZcM,5452,Look Who's Talking Now (1993),1,0,119,29,480,360,1.33
HTHJyw1UsLM,5458,Like Mike (2002),1,0,170,23,1280,720,1.78
p4NJHqoojOU,5459,Men in Black II (a.k.a. MIIB) (a.k.a. MIB 2) (2002),1,0,108,29,1920,1062,1.81
oVZMHp-BaRs,5460,"Powerpuff Girls, The (2002)",1,0,58,29,480,360,1.33
Wg7bjwEXp7Y,5463,Reign of Fire (2002),1,0,147,12,426,230,1.85
tGEveEqpjYk,5464,Road to Perdition (2002),1,0,168,23,1920,804,2.39
QNi9o5HUcuU,5470,The Importance of Being Earnest (1952),1,0,165,30,640,480,1.33
Sd7tVAIOWjI,5471,Perfect (1985),1,0,126,25,640,480,1.33
7E3QUHUMe5I,5475,Z (1969),1,0,85,25,320,240,1.33
SWCM4x3coG8,5478,Eight Legged Freaks (2002),1,0,71,24,426,230,1.85
gOYwZs5RqII,5479,K-19: The Widowmaker (2002),1,0,140,29,496,360,1.38
HvdNtZ5zPTs,5480,Stuart Little 2 (2002),1,0,140,25,854,480,1.78
XROEPkzyCRg,5481,Austin Powers in Goldmember (2002),1,0,146,23,1280,720,1.78
68dTwJNvE1E,5490,The Big Bus (1976),1,0,179,23,584,360,1.62
bqsWWyQLOso,5501,"Master of Disguise, The (2002)",1,0,32,29,640,480,1.33
os7qEVllwPg,5502,Signs (2002),1,0,99,24,426,230,1.85
fCTZZ0gpnWU,5503,"Last Kiss, The (Ultimo bacio, L') (2001)",1,0,183,25,320,240,1.33
RLkRbj8sv8E,5504,Spy Kids 2: The Island of Lost Dreams (2002),1,0,82,23,1920,1080,1.78
vMg7LZ-JF6I,5506,Blood Work (2002),1,0,99,23,1920,1080,1.78
Spx-Mx3xhYY,5507,xXx (2002),1,0,92,25,840,480,1.75
A1Qz2x94q6A,5508,24 Hour Party People (2002),1,0,138,29,640,480,1.33
j9hYb6ggxoM,5515,Songs From the Second Floor (Sånger från andra våningen) (2000),1,0,128,23,332,240,1.38
idQKTEigAok,5516,Read My Lips (Sur mes lèvres) (2001),1,0,93,29,720,480,1.5
8760ji7Ax1k,5521,"Principal, The (1987)",1,0,130,25,640,480,1.33
MXC1p4Y-TuE,5523,"Adventures of Pluto Nash, The (2002)",1,0,74,29,1280,720,1.78
ljN7SEEwhmM,5524,Blue Crush (2002),1,0,123,29,720,480,1.5
q-jlmaYX2n0,5525,Mostly Martha (Bella Martha) (2001),1,0,120,23,640,354,1.81
1kF3SCjGtI0,5528,One Hour Photo (2002),1,0,133,23,1920,1040,1.85
HuAjeuKXX7c,5530,Simone (S1m0ne) (2002),1,0,129,29,1280,720,1.78
Pz3cOvEJuDY,5534,Hush! (2001),1,0,90,15,320,240,1.33
TqB6_Q-pBYA,5538,"Care Bears Movie, The (1985)",1,0,131,25,640,480,1.33
ih78dz2XyLc,5541,Hot Shots! (1991),1,0,91,23,636,480,1.32
M3c5mCHe5I0,5544,Time After Time (1979),1,0,30,29,640,480,1.33
EJTsQLUmvvQ,5553,Stakeout (1987),1,0,116,25,646,480,1.35
gZDIWcAV93k,5556,FearDotCom (a.k.a. Fear.com) (a.k.a. Fear Dot Com) (2002),1,0,136,23,854,462,1.85
Da_7eHNcYEA,5558,Love and a Bullet (2002),1,0,79,23,1920,1080,1.78
6PZkEo6xnGc,5560,À nous la liberté (Freedom for Us) (1931),1,0,146,29,640,480,1.33
W-RGVruG7Y0,5564,Swimfan (2002),1,0,127,25,640,356,1.8
_WEPlSPwWu8,5568,Johnny Dangerously (1984),1,0,127,23,640,356,1.8
DIrrXbhIuzI,5570,Thesis (Tesis) (1996),1,0,93,29,320,240,1.33
BH5kMAHANr0,5572,Barbershop (2002),1,0,131,23,640,352,1.82
mmJD7_ueDLc,5573,Stealing Harvard (2002),1,0,145,24,480,360,1.33
0poXFSvX0_4,5574,"Transporter, The (2002)",1,0,86,23,640,480,1.33
YO_gZvGMwqs,5575,Alias Betty (Betty Fisher et autres histoires) (2001),1,0,146,29,426,228,1.87
eoXtzNIdpEA,5581,Betsy's Wedding (1990),1,0,30,30,640,480,1.33
cOPl21EVhaU,5582,Captain Ron (1992),1,0,127,29,1280,720,1.78
CwwXrgvzIc4,5597,Suburban Commando (1991),1,0,116,29,1280,720,1.78
BmHQjE_YCGw,5599,Tabu: A Story of the South Seas (1931),1,0,161,25,480,360,1.33
_V67fqgvyXQ,5601,"Yearling, The (1946)",1,0,53,29,854,480,1.78
EoPaqgKWWv0,5602,"Ladykillers, The (1955)",1,0,150,25,568,360,1.58
-_wbootYMio,5603,"Lavender Hill Mob, The (1951)",1,0,151,24,854,480,1.78
nNYH5GOh9Rc,5604,"Man in the White Suit, The (1951)",1,0,158,23,640,480,1.33
1_P_dMVLa48,5605,Ratcatcher (1999),1,0,79,24,640,352,1.82
Tme_SdRv2gk,5609,Ballistic: Ecks vs. Sever (2002),1,0,142,24,426,240,1.77
tQ_MrNPOzG4,5611,"Four Feathers, The (2002)",1,0,146,24,426,230,1.85
lv6tJGK3kPE,5612,Trapped (2002),1,0,116,23,1920,1036,1.85
Fv8_fsEq_j0,5613,8 Women (2002),1,0,88,29,640,480,1.33
lpt5SD1gjsg,5615,Invincible (2001),1,0,125,29,854,480,1.78
AFma24S-Uvw,5617,Secretary (2002),1,0,138,30,1280,720,1.78
BM89EgWx_Gs,5620,Sweet Home Alabama (2002),1,0,148,24,424,240,1.77
py6CtMzy28M,5629,Jonah: A VeggieTales Movie (2002),1,0,107,25,480,360,1.33
STnWeHx41p4,5630,Red Dragon (2002),1,0,154,24,426,184,2.32
o6zvb0naOZo,5632,Bloody Sunday (2002),1,0,129,23,640,336,1.9
tBVLiyAqbJ4,5633,Heaven (2002),1,0,110,24,320,240,1.33
59D5PnEBhXs,5636,Welcome to Collinwood (2002),1,0,100,29,1280,720,1.78
NDwVFQkOeLc,5637,Flirting (1991),1,0,93,15,320,240,1.33
hJxHUptPlJ4,5638,Godzilla vs. Mothra (Mosura tai Gojira) (1964),1,0,146,24,1920,1080,1.78
Cc3nJiwJsRQ,5641,"Moderns, The (1988)",1,0,139,25,854,480,1.78
URixHbzPY34,5642,"Onion Field, The (1979)",1,0,162,25,640,356,1.8
sNVTmWRcUbY,5643,Powaqqatsi (1988),1,0,125,25,960,720,1.33
_x5f7L5alKk,5644,"Pride of the Yankees, The (1942)",1,0,201,30,640,480,1.33
JTFoI2azZ7Q,5646,Valmont (1989),1,0,117,23,640,354,1.81
4o0n9VWlCGE,5649,Horror of Dracula (Dracula) (1958),1,0,144,25,426,236,1.81
TpeSAqy7rPA,5650,Strange Brew (1983),1,0,24,29,482,360,1.34
xDkt79gV6xQ,5651,"Incredible Mr. Limpet, The (1964)",1,0,285,29,854,480,1.78
NObST_DECN8,5655,"Fan, The (1981)",1,0,29,29,640,480,1.33
Fab89eIgswc,5662,"Wrong Guy, The (1997)",1,0,5319,23,426,238,1.79
WHs1wxDeqQc,5663,Below (2002),1,0,144,29,480,360,1.33
0SAch9eFwPI,5666,"Rules of Attraction, The (2002)",1,0,115,29,840,480,1.75
Qxq5P_t4uF8,5668,White Oleander (2002),1,0,157,25,640,480,1.33
EUSpszWfu_w,5669,Bowling for Columbine (2002),1,0,123,30,320,240,1.33
VNeZi1y_v88,5673,Punch-Drunk Love (2002),1,0,141,25,854,480,1.78
S9l1hvbtl44,5677,Abandon (2002),1,0,135,29,640,480,1.33
CaGy5JkZiis,5678,Formula 51 (2001),1,0,126,24,426,230,1.85
cV3YhFDBFZ8,5679,"Ring, The (2002)",1,0,93,23,426,230,1.85
l15ydlXoHt8,5680,Auto Focus (2002),1,0,118,23,852,480,1.77
Bq1z5a1ZY3Y,5684,Naqoyqatsi (2002),1,0,120,25,1440,1080,1.33
vKpDifyDIp0,5685,Real Women Have Curves (2002),1,0,139,29,426,238,1.79
f2yliaLkArs,5686,Russian Ark (Russkiy Kovcheg) (2002),1,0,192,23,1920,1080,1.78
2R7ViH199S8,5689,Billy Bathgate (1991),1,0,35,30,328,240,1.37
4vPeTSRd580,5690,Grave of the Fireflies (Hotaru no haka) (1988),1,0,102,25,1280,720,1.78
md5hen1f5d0,5691,Jason Goes to Hell: The Final Friday (1993),1,0,64,25,1280,720,1.78
